TE_region	AgeGroup	POL	place_group	percent
Абайская область	10--14	Мужчина	Outside	92.98113207547169
Абайская область	10--14	Мужчина	Rest	2.4150943396226414
Абайская область	10--14	Мужчина	Transport	2.289308176100629
Абайская область	10--14	Мужчина	Work_home	2.3144654088050314
Абайская область	10--14	Женщина	Outside	92.78902459427806
Абайская область	10--14	Женщина	Rest	2.3925046009703865
Абайская область	10--14	Женщина	Transport	2.626735820645809
Абайская область	10--14	Женщина	Work_home	2.1917349841057385
Абайская область	15-17	Мужчина	Outside	91.20777417862101
Абайская область	15-17	Мужчина	Rest	2.776492364645997
Абайская область	15-17	Мужчина	Transport	3.5631652012956962
Абайская область	15-17	Мужчина	Work_home	2.4525682554372974
Абайская область	15-17	Женщина	Outside	92.64432029795158
Абайская область	15-17	Женщина	Rest	1.6449410304158907
Абайская область	15-17	Женщина	Transport	2.7001862197392925
Абайская область	15-17	Женщина	Work_home	3.010552451893234
Абайская область	18-28	Мужчина	Outside	92.86675639300135
Абайская область	18-28	Мужчина	Rest	2.3553162853297445
Абайская область	18-28	Мужчина	Transport	2.607671601615074
Абайская область	18-28	Мужчина	Work_home	2.1702557200538357
Абайская область	18-28	Женщина	Outside	92.33724887473927
Абайская область	18-28	Женщина	Rest	2.2505214622900427
Абайская область	18-28	Женщина	Transport	2.9860577450872765
Абайская область	18-28	Женщина	Work_home	2.426171917883412
Абайская область	29-38	Мужчина	Outside	91.89793257589868
Абайская область	29-38	Мужчина	Rest	2.570311044887316
Абайская область	29-38	Мужчина	Transport	3.091823430806482
Абайская область	29-38	Мужчина	Work_home	2.4399329484075247
Абайская область	29-38	Женщина	Outside	92.84200024940766
Абайская область	29-38	Женщина	Rest	1.976555680259384
Абайская область	29-38	Женщина	Transport	2.9180695847362514
Абайская область	29-38	Женщина	Work_home	2.263374485596708
Абайская область	39-48	Мужчина	Outside	92.40859326585417
Абайская область	39-48	Мужчина	Rest	2.3548853542656474
Абайская область	39-48	Мужчина	Transport	2.8093369138607724
Абайская область	39-48	Мужчина	Work_home	2.4271844660194173
Абайская область	39-48	Женщина	Outside	92.97122401211621
Абайская область	39-48	Женщина	Rest	2.168525402726146
Абайская область	39-48	Женщина	Transport	2.6366515214098856
Абайская область	39-48	Женщина	Work_home	2.2235990637477627
Абайская область	49-57	Мужчина	Outside	93.06269832585622
Абайская область	49-57	Мужчина	Rest	2.330670751723383
Абайская область	49-57	Мужчина	Transport	2.3634971003392056
Абайская область	49-57	Мужчина	Work_home	2.2431338220811905
Абайская область	49-57	Женщина	Outside	92.6779611721079
Абайская область	49-57	Женщина	Rest	2.4067476187013743
Абайская область	49-57	Женщина	Transport	2.7266778157492912
Абайская область	49-57	Женщина	Work_home	2.188613393441431
Абайская область	58+	Мужчина	Outside	92.49015748031496
Абайская область	58+	Мужчина	Rest	2.312992125984252
Абайская область	58+	Мужчина	Transport	2.8641732283464565
Абайская область	58+	Мужчина	Work_home	2.3326771653543306
Абайская область	58+	Женщина	Outside	92.60202372177176
Абайская область	58+	Женщина	Rest	2.191248408496951
Абайская область	58+	Женщина	Transport	2.814447497152047
Абайская область	58+	Женщина	Work_home	2.3922803725792403
Акмолинская область	окт.14	Мужчина	Outside	92.65298965456778
Акмолинская область	окт.14	Мужчина	Rest	2.0690864457303175
Акмолинская область	окт.14	Мужчина	Transport	2.8756794669472208
Акмолинская область	окт.14	Мужчина	Work_home	2.4022444327546904
Акмолинская область	окт.14	Женщина	Outside	92.17491369390103
Акмолинская область	окт.14	Женщина	Rest	2.6467203682393556
Акмолинская область	окт.14	Женщина	Transport	3.0724971231300344
Акмолинская область	окт.14	Женщина	Work_home	2.105868814729574
Акмолинская область	15-17	Мужчина	Outside	91.68168168168168
Акмолинская область	15-17	Мужчина	Rest	2.4324324324324325
Акмолинская область	15-17	Мужчина	Transport	2.942942942942943
Акмолинская область	15-17	Мужчина	Work_home	2.942942942942943
Акмолинская область	15-17	Женщина	Outside	92.23524487233152
Акмолинская область	15-17	Женщина	Rest	2.5533696107157806
Акмолинская область	15-17	Женщина	Transport	2.74173294265383
Акмолинская область	15-17	Женщина	Work_home	2.4696525742988698
Акмолинская область	18-28	Мужчина	Outside	92.30494766888677
Акмолинская область	18-28	Мужчина	Rest	2.461941008563273
Акмолинская область	18-28	Мужчина	Transport	2.735490009514748
Акмолинская область	18-28	Мужчина	Work_home	2.4976213130352045
Акмолинская область	18-28	Женщина	Outside	92.58199257425743
Акмолинская область	18-28	Женщина	Rest	2.4520420792079207
Акмолинская область	18-28	Женщина	Transport	2.5758044554455446
Акмолинская область	18-28	Женщина	Work_home	2.390160891089109
Акмолинская область	29-38	Мужчина	Outside	92.42177722152691
Акмолинская область	29-38	Мужчина	Rest	2.4405506883604504
Акмолинская область	29-38	Мужчина	Transport	2.9036295369211516
Акмолинская область	29-38	Мужчина	Work_home	2.234042553191489
Акмолинская область	29-38	Женщина	Outside	92.5768686478837
Акмолинская область	29-38	Женщина	Rest	2.444358677473305
Акмолинская область	29-38	Женщина	Transport	2.71452463656246
Акмолинская область	29-38	Женщина	Work_home	2.264248038080535
Акмолинская область	39-48	Мужчина	Outside	92.61847111726047
Акмолинская область	39-48	Мужчина	Rest	2.3728813559322033
Акмолинская область	39-48	Мужчина	Transport	2.7187824282255275
Акмолинская область	39-48	Мужчина	Work_home	2.2898650985818056
Акмолинская область	39-48	Женщина	Outside	92.74277102759724
Акмолинская область	39-48	Женщина	Rest	2.444193274936423
Акмолинская область	39-48	Женщина	Transport	2.6184421211264954
Акмолинская область	39-48	Женщина	Work_home	2.1945935763398325
Акмолинская область	49-57	Мужчина	Outside	92.69280856605411
Акмолинская область	49-57	Мужчина	Rest	2.43090724931269
Акмолинская область	49-57	Мужчина	Transport	2.6551873824338013
Акмолинская область	49-57	Мужчина	Work_home	2.2210968021993924
Акмолинская область	49-57	Женщина	Outside	92.33797549333202
Акмолинская область	49-57	Женщина	Rest	2.4851139215589786
Акмолинская область	49-57	Женщина	Transport	2.9280055115397863
Акмолинская область	49-57	Женщина	Work_home	2.248905073569214
Акмолинская область	58+	Мужчина	Outside	92.59828224286014
Акмолинская область	58+	Мужчина	Rest	2.5487046993925007
Акмолинская область	58+	Мужчина	Transport	2.6534459884086306
Акмолинская область	58+	Мужчина	Work_home	2.1995670693387335
Акмолинская область	58+	Женщина	Outside	92.29737231680237
Акмолинская область	58+	Женщина	Rest	2.5074019245003702
Акмолинская область	58+	Женщина	Transport	2.891376757957069
Акмолинская область	58+	Женщина	Work_home	2.3038490007401924
Актюбинская область	окт.14	Мужчина	Outside	92.495074332796
Актюбинская область	окт.14	Мужчина	Rest	2.4180548092423426
Актюбинская область	окт.14	Мужчина	Transport	2.722550600035823
Актюбинская область	окт.14	Мужчина	Work_home	2.364320257925846
Актюбинская область	окт.14	Женщина	Outside	92.64289088332546
Актюбинская область	окт.14	Женщина	Rest	2.3736419461502125
Актюбинская область	окт.14	Женщина	Transport	2.69248937175248
Актюбинская область	окт.14	Женщина	Work_home	2.290977798771847
Актюбинская область	15-17	Мужчина	Outside	92.10939955988682
Актюбинская область	15-17	Мужчина	Rest	2.6092423766111286
Актюбинская область	15-17	Мужчина	Transport	3.049355548569632
Актюбинская область	15-17	Мужчина	Work_home	2.232002514932411
Актюбинская область	15-17	Женщина	Outside	92.68663194444444
Актюбинская область	15-17	Женщина	Rest	2.126736111111111
Актюбинская область	15-17	Женщина	Transport	2.6909722222222223
Актюбинская область	15-17	Женщина	Work_home	2.4956597222222223
Актюбинская область	18-28	Мужчина	Outside	92.15465465465465
Актюбинская область	18-28	Мужчина	Rest	2.69019019019019
Актюбинская область	18-28	Мужчина	Transport	2.6526526526526526
Актюбинская область	18-28	Мужчина	Work_home	2.5025025025025025
Актюбинская область	18-28	Женщина	Outside	92.36205927234761
Актюбинская область	18-28	Женщина	Rest	2.6102321098706933
Актюбинская область	18-28	Женщина	Transport	2.859208095735282
Актюбинская область	18-28	Женщина	Work_home	2.168500522046422
Актюбинская область	29-38	Мужчина	Outside	92.52593826053541
Актюбинская область	29-38	Мужчина	Rest	2.247982579736134
Актюбинская область	29-38	Мужчина	Transport	2.747534264121942
Актюбинская область	29-38	Мужчина	Work_home	2.478544895606507
Актюбинская область	29-38	Женщина	Outside	92.86993752457512
Актюбинская область	29-38	Женщина	Rest	2.385425313469352
Актюбинская область	29-38	Женщина	Transport	2.665035606623269
Актюбинская область	29-38	Женщина	Work_home	2.0796015553322555
Актюбинская область	39-48	Мужчина	Outside	92.51971300703275
Актюбинская область	39-48	Мужчина	Rest	2.3939759892022447
Актюбинская область	39-48	Мужчина	Transport	2.7633728777438376
Актюбинская область	39-48	Мужчина	Work_home	2.3229381260211692
Актюбинская область	39-48	Женщина	Outside	92.55207837914962
Актюбинская область	39-48	Женщина	Rest	2.3922762294302293
Актюбинская область	39-48	Женщина	Transport	2.744221440121754
Актюбинская область	39-48	Женщина	Work_home	2.3114239512983925
Актюбинская область	49-57	Мужчина	Outside	92.06766917293233
Актюбинская область	49-57	Мужчина	Rest	2.5037593984962405
Актюбинская область	49-57	Мужчина	Transport	2.9774436090225564
Актюбинская область	49-57	Мужчина	Work_home	2.4511278195488724
Актюбинская область	49-57	Женщина	Outside	92.54254508509017
Актюбинская область	49-57	Женщина	Rest	2.4180848361696725
Актюбинская область	49-57	Женщина	Transport	2.7584455168910336
Актюбинская область	49-57	Женщина	Work_home	2.280924561849124
Актюбинская область	58+	Мужчина	Outside	92.23783783783784
Актюбинская область	58+	Мужчина	Rest	2.609009009009009
Актюбинская область	58+	Мужчина	Transport	2.818018018018018
Актюбинская область	58+	Мужчина	Work_home	2.3351351351351353
Актюбинская область	58+	Женщина	Outside	92.79525108908994
Актюбинская область	58+	Женщина	Rest	2.2834984920292976
Актюбинская область	58+	Женщина	Transport	2.6712623869021974
Актюбинская область	58+	Женщина	Work_home	2.2499880319785532
Алматинская область	окт.14	Мужчина	Outside	92.5632911392405
Алматинская область	окт.14	Мужчина	Rest	2.2679324894514767
Алматинская область	окт.14	Мужчина	Transport	2.7953586497890295
Алматинская область	окт.14	Мужчина	Work_home	2.3734177215189876
Алматинская область	окт.14	Женщина	Outside	92.7855006158719
Алматинская область	окт.14	Женщина	Rest	2.4634875945803274
Алматинская область	окт.14	Женщина	Transport	2.7802217138835124
Алматинская область	окт.14	Женщина	Work_home	1.9707900756642618
Алматинская область	15-17	Мужчина	Outside	92.29268292682927
Алматинская область	15-17	Мужчина	Rest	1.853658536585366
Алматинская область	15-17	Мужчина	Transport	3.3658536585365852
Алматинская область	15-17	Мужчина	Work_home	2.4878048780487805
Алматинская область	15-17	Женщина	Outside	92.24476439790575
Алматинская область	15-17	Женщина	Rest	2.486910994764398
Алматинская область	15-17	Женщина	Transport	2.8795811518324608
Алматинская область	15-17	Женщина	Work_home	2.3887434554973823
Алматинская область	18-28	Мужчина	Outside	92.79102883588466
Алматинская область	18-28	Мужчина	Rest	2.1003915984336063
Алматинская область	18-28	Мужчина	Transport	2.830188679245283
Алматинская область	18-28	Мужчина	Work_home	2.2783908864364544
Алматинская область	18-28	Женщина	Outside	92.2007185073589
Алматинская область	18-28	Женщина	Rest	2.8740294356240583
Алматинская область	18-28	Женщина	Transport	2.6190752114961176
Алматинская область	18-28	Женщина	Work_home	2.306176845520918
Алматинская область	29-38	Мужчина	Outside	92.55298273155417
Алматинская область	29-38	Мужчина	Rest	2.4921507064364206
Алматинская область	29-38	Мужчина	Transport	2.904238618524333
Алматинская область	29-38	Мужчина	Work_home	2.0506279434850865
Алматинская область	29-38	Женщина	Outside	92.59500684440388
Алматинская область	29-38	Женщина	Rest	2.1510983638615473
Алматинская область	29-38	Женщина	Transport	2.8550941920344175
Алматинская область	29-38	Женщина	Work_home	2.39880059970015
Алматинская область	39-48	Мужчина	Outside	92.1855279764409
Алматинская область	39-48	Мужчина	Rest	2.6714345814051326
Алматинская область	39-48	Мужчина	Transport	2.9133361379890617
Алматинская область	39-48	Мужчина	Work_home	2.2297013041649136
Алматинская область	39-48	Женщина	Outside	92.7127544780951
Алматинская область	39-48	Женщина	Rest	2.2876052082583986
Алматинская область	39-48	Женщина	Transport	2.7551974678080713
Алматинская область	39-48	Женщина	Work_home	2.244442845838429
Алматинская область	49-57	Мужчина	Outside	92.03084832904884
Алматинская область	49-57	Мужчина	Rest	2.514809433329608
Алматинская область	49-57	Мужчина	Transport	3.0736559740695206
Алматинская область	49-57	Мужчина	Work_home	2.3806862635520285
Алматинская область	49-57	Женщина	Outside	92.56229644777702
Алматинская область	49-57	Женщина	Rest	2.1586003181095204
Алматинская область	49-57	Женщина	Transport	2.9917443005377566
Алматинская область	49-57	Женщина	Work_home	2.2873589335757023
Алматинская область	58+	Мужчина	Outside	92.4610141485077
Алматинская область	58+	Мужчина	Rest	2.3236600227202313
Алматинская область	58+	Мужчина	Transport	3.005266962718166
Алматинская область	58+	Мужчина	Work_home	2.210058866053909
Алматинская область	58+	Женщина	Outside	92.61654349061968
Алматинская область	58+	Женщина	Rest	2.423251847640705
Алматинская область	58+	Женщина	Transport	2.8780557134735645
Алматинская область	58+	Женщина	Work_home	2.0821489482660605
Атырауская область	окт.14	Мужчина	Outside	92.46420497362472
Атырауская область	окт.14	Мужчина	Rest	2.084903290630495
Атырауская область	окт.14	Мужчина	Transport	2.6124089424767645
Атырауская область	окт.14	Мужчина	Work_home	2.838482793268023
Атырауская область	окт.14	Женщина	Outside	92.26928374655647
Атырауская область	окт.14	Женщина	Rest	2.7203856749311295
Атырауская область	окт.14	Женщина	Transport	2.87534435261708
Атырауская область	окт.14	Женщина	Work_home	2.1349862258953167
Атырауская область	15-17	Мужчина	Outside	92.59431765253842
Атырауская область	15-17	Мужчина	Rest	2.1891010712622263
Атырауская область	15-17	Мужчина	Transport	2.887750349324639
Атырауская область	15-17	Мужчина	Work_home	2.328830926874709
Атырауская область	15-17	Женщина	Outside	92.9192546583851
Атырауская область	15-17	Женщина	Rest	2.018633540372671
Атырауская область	15-17	Женщина	Transport	2.919254658385093
Атырауская область	15-17	Женщина	Work_home	2.142857142857143
Атырауская область	18-28	Мужчина	Outside	91.9326552086987
Атырауская область	18-28	Мужчина	Rest	2.70080673447913
Атырауская область	18-28	Мужчина	Transport	3.104173974044195
Атырауская область	18-28	Мужчина	Work_home	2.2623640827779727
Атырауская область	18-28	Женщина	Outside	92.34618446491527
Атырауская область	18-28	Женщина	Rest	2.661207778915046
Атырауская область	18-28	Женщина	Transport	2.820425338337314
Атырауская область	18-28	Женщина	Work_home	2.1721824178323668
Атырауская область	29-38	Мужчина	Outside	92.58439402324295
Атырауская область	29-38	Мужчина	Rest	2.425751706327246
Атырауская область	29-38	Мужчина	Transport	2.5825493451392734
Атырауская область	29-38	Мужчина	Work_home	2.407304925290537
Атырауская область	29-38	Женщина	Outside	93.00501882057716
Атырауская область	29-38	Женщина	Rest	2.2961104140526976
Атырауская область	29-38	Женщина	Transport	2.5972396486825597
Атырауская область	29-38	Женщина	Work_home	2.1016311166875785
Атырауская область	39-48	Мужчина	Outside	92.10739614994934
Атырауская область	39-48	Мужчина	Rest	2.3910840932117527
Атырауская область	39-48	Мужчина	Transport	2.9483282674772036
Атырауская область	39-48	Мужчина	Work_home	2.5531914893617023
Атырауская область	39-48	Женщина	Outside	92.52090965645952
Атырауская область	39-48	Женщина	Rest	2.2948779982028062
Атырауская область	39-48	Женщина	Transport	3.172737955346651
Атырауская область	39-48	Женщина	Work_home	2.011474389991014
Атырауская область	49-57	Мужчина	Outside	91.98877132368818
Атырауская область	49-57	Мужчина	Rest	2.3213128913841503
Атырауская область	49-57	Мужчина	Transport	2.915137119412654
Атырауская область	49-57	Мужчина	Work_home	2.7747786655150075
Атырауская область	49-57	Женщина	Outside	92.63794737225746
Атырауская область	49-57	Женщина	Rest	2.347109847656535
Атырауская область	49-57	Женщина	Transport	2.9448210510970187
Атырауская область	49-57	Женщина	Work_home	2.0701217289889935
Атырауская область	58+	Мужчина	Outside	92.35832561966471
Атырауская область	58+	Мужчина	Rest	2.355240152216394
Атырауская область	58+	Мужчина	Transport	3.054612773835236
Атырауская область	58+	Мужчина	Work_home	2.2318214542836574
Атырауская область	58+	Женщина	Outside	92.35816814764183
Атырауская область	58+	Женщина	Rest	2.460697197539303
Атырауская область	58+	Женщина	Transport	2.9391660970608338
Атырауская область	58+	Женщина	Work_home	2.2419685577580313
Восточно-Казахстанская область	окт.14	Мужчина	Outside	93.24503311258277
Восточно-Казахстанская область	окт.14	Мужчина	Rest	2.1456953642384105
Восточно-Казахстанская область	окт.14	Мужчина	Transport	2.5165562913907285
Восточно-Казахстанская область	окт.14	Мужчина	Work_home	2.0927152317880795
Восточно-Казахстанская область	окт.14	Женщина	Outside	92.59924555415843
Восточно-Казахстанская область	окт.14	Женщина	Rest	2.1914855397880366
Восточно-Казахстанская область	окт.14	Женщина	Transport	3.1794503323154304
Восточно-Казахстанская область	окт.14	Женщина	Work_home	2.0298185737380994
Восточно-Казахстанская область	15-17	Мужчина	Outside	92.87722586691659
Восточно-Казахстанская область	15-17	Мужчина	Rest	2.2492970946579196
Восточно-Казахстанская область	15-17	Мужчина	Transport	2.5304592314901595
Восточно-Казахстанская область	15-17	Мужчина	Work_home	2.343017806935333
Восточно-Казахстанская область	15-17	Женщина	Outside	93.77115775220041
Восточно-Казахстанская область	15-17	Женщина	Rest	1.6587677725118484
Восточно-Казахстанская область	15-17	Женщина	Transport	2.640487474610697
Восточно-Казахстанская область	15-17	Женщина	Work_home	1.9295870006770481
Восточно-Казахстанская область	18-28	Мужчина	Outside	92.41689750692521
Восточно-Казахстанская область	18-28	Мужчина	Rest	2.4238227146814406
Восточно-Казахстанская область	18-28	Мужчина	Transport	2.9951523545706373
Восточно-Казахстанская область	18-28	Мужчина	Work_home	2.164127423822715
Восточно-Казахстанская область	18-28	Женщина	Outside	92.6097258264696
Восточно-Казахстанская область	18-28	Женщина	Rest	2.324269434728647
Восточно-Казахстанская область	18-28	Женщина	Transport	2.831998194742187
Восточно-Казахстанская область	18-28	Женщина	Work_home	2.2340065440595733
Восточно-Казахстанская область	29-38	Мужчина	Outside	92.90593286494926
Восточно-Казахстанская область	29-38	Мужчина	Rest	2.2736143637782984
Восточно-Казахстанская область	29-38	Мужчина	Transport	2.6639344262295084
Восточно-Казахстанская область	29-38	Мужчина	Work_home	2.1565183450429353
Восточно-Казахстанская область	29-38	Женщина	Outside	93.04648733350744
Восточно-Казахстанская область	29-38	Женщина	Rest	2.1611386785061373
Восточно-Казахстанская область	29-38	Женщина	Transport	2.5332985113606687
Восточно-Казахстанская область	29-38	Женщина	Work_home	2.259075476625751
Восточно-Казахстанская область	39-48	Мужчина	Outside	92.47585694577099
Восточно-Казахстанская область	39-48	Мужчина	Rest	2.2285896211397644
Восточно-Казахстанская область	39-48	Мужчина	Transport	2.865329512893983
Восточно-Казахстанская область	39-48	Мужчина	Work_home	2.430223920195267
Восточно-Казахстанская область	39-48	Женщина	Outside	92.68774703557312
Восточно-Казахстанская область	39-48	Женщина	Rest	2.2471087688478995
Восточно-Казахстанская область	39-48	Женщина	Transport	2.8912311521007172
Восточно-Казахстанская область	39-48	Женщина	Work_home	2.1739130434782608
Восточно-Казахстанская область	49-57	Мужчина	Outside	92.74727742225217
Восточно-Казахстанская область	49-57	Мужчина	Rest	2.3913775682047826
Восточно-Казахстанская область	49-57	Мужчина	Transport	2.6832828112720333
Восточно-Казахстанская область	49-57	Мужчина	Work_home	2.178062198271023
Восточно-Казахстанская область	49-57	Женщина	Outside	92.50619962802232
Восточно-Казахстанская область	49-57	Женщина	Rest	2.355858648481091
Восточно-Казахстанская область	49-57	Женщина	Transport	2.758834469931804
Восточно-Казахстанская область	49-57	Женщина	Work_home	2.379107253564786
Восточно-Казахстанская область	58+	Мужчина	Outside	92.73101505795688
Восточно-Казахстанская область	58+	Мужчина	Rest	2.2316108763947566
Восточно-Казахстанская область	58+	Мужчина	Transport	2.9790921893619324
Восточно-Казахстанская область	58+	Мужчина	Work_home	2.058281876286426
Восточно-Казахстанская область	58+	Женщина	Outside	93.35089342920196
Восточно-Казахстанская область	58+	Женщина	Rest	1.9861892218979142
Восточно-Казахстанская область	58+	Женщина	Transport	2.5272300135260197
Восточно-Казахстанская область	58+	Женщина	Work_home	2.1356873353741013
Жамбылская область	окт.14	Мужчина	Outside	91.502308015107
Жамбылская область	окт.14	Мужчина	Rest	2.4548887956357532
Жамбылская область	окт.14	Мужчина	Transport	3.3780948384389426
Жамбылская область	окт.14	Мужчина	Work_home	2.6647083508182963
Жамбылская область	окт.14	Женщина	Outside	92.27692732036961
Жамбылская область	окт.14	Женщина	Rest	2.5099986208798786
Жамбылская область	окт.14	Женщина	Transport	2.978899462143153
Жамбылская область	окт.14	Женщина	Work_home	2.2341745966073643
Жамбылская область	15-17	Мужчина	Outside	92.29930984380675
Жамбылская область	15-17	Мужчина	Rest	2.5063567017798767
Жамбылская область	15-17	Мужчина	Transport	2.7606247729749365
Жамбылская область	15-17	Мужчина	Work_home	2.4337086814384308
Жамбылская область	15-17	Женщина	Outside	92.37451737451738
Жамбылская область	15-17	Женщина	Rest	2.437258687258687
Жамбылская область	15-17	Женщина	Transport	2.8474903474903477
Жамбылская область	15-17	Женщина	Work_home	2.3407335907335907
Жамбылская область	18-28	Мужчина	Outside	92.42923880186865
Жамбылская область	18-28	Мужчина	Rest	2.528167078867821
Жамбылская область	18-28	Мужчина	Transport	2.7067875790052214
Жамбылская область	18-28	Мужчина	Work_home	2.3358065402583126
Жамбылская область	18-28	Женщина	Outside	92.67333809864189
Жамбылская область	18-28	Женщина	Rest	2.5553967119370977
Жамбылская область	18-28	Женщина	Transport	2.617941386704789
Жамбылская область	18-28	Женщина	Work_home	2.153323802716226
Жамбылская область	29-38	Мужчина	Outside	92.13712728923869
Жамбылская область	29-38	Мужчина	Rest	2.3081580142273346
Жамбылская область	29-38	Мужчина	Transport	3.2087180263357045
Жамбылская область	29-38	Мужчина	Work_home	2.3459966701982746
Жамбылская область	29-38	Женщина	Outside	92.65649082682842
Жамбылская область	29-38	Женщина	Rest	2.2274151046586783
Жамбылская область	29-38	Женщина	Transport	2.858847511559688
Жамбылская область	29-38	Женщина	Work_home	2.2572465569532145
Жамбылская область	39-48	Мужчина	Outside	91.89167274791211
Жамбылская область	39-48	Мужчина	Rest	2.529798102651423
Жамбылская область	39-48	Мужчина	Transport	3.2514392280872455
Жамбылская область	39-48	Мужчина	Work_home	2.3270899213492258
Жамбылская область	39-48	Женщина	Outside	92.65900812552536
Жамбылская область	39-48	Женщина	Rest	2.4096385542168677
Жамбылская область	39-48	Женщина	Transport	2.6562062202297563
Жамбылская область	39-48	Женщина	Work_home	2.2751471000280192
Жамбылская область	49-57	Мужчина	Outside	92.36700745104835
Жамбылская область	49-57	Мужчина	Rest	2.2699705423670076
Жамбылская область	49-57	Мужчина	Transport	2.7984751342921506
Жамбылская область	49-57	Мужчина	Work_home	2.564546872292497
Жамбылская область	49-57	Женщина	Outside	92.6191993511384
Жамбылская область	49-57	Женщина	Rest	2.2710155842651063
Жамбылская область	49-57	Женщина	Transport	2.682347488558021
Жамбылская область	49-57	Женщина	Work_home	2.4274375760384683
Жамбылская область	58+	Мужчина	Outside	92.26152368758002
Жамбылская область	58+	Мужчина	Rest	2.4807938540332906
Жамбылская область	58+	Мужчина	Transport	2.984955185659411
Жамбылская область	58+	Мужчина	Work_home	2.272727272727273
Жамбылская область	58+	Женщина	Outside	92.86064903190619
Жамбылская область	58+	Женщина	Rest	2.350695391328061
Жамбылская область	58+	Женщина	Transport	2.5197709299154623
Жамбылская область	58+	Женщина	Work_home	2.268884646850286
Жетісу облысы	окт.14	Мужчина	Outside	92.286362490547
Жетісу облысы	окт.14	Мужчина	Rest	2.344340811696496
Жетісу облысы	окт.14	Мужчина	Transport	2.9241240231913284
Жетісу облысы	окт.14	Мужчина	Work_home	2.4451726745651627
Жетісу облысы	окт.14	Женщина	Outside	93.05679188178743
Жетісу облысы	окт.14	Женщина	Rest	1.8337190671176784
Жетісу облысы	окт.14	Женщина	Transport	2.7416770518070144
Жетісу облысы	окт.14	Женщина	Work_home	2.367811999287876
Жетісу облысы	15-17	Мужчина	Outside	92.48157248157248
Жетісу облысы	15-17	Мужчина	Rest	2.457002457002457
Жетісу облысы	15-17	Мужчина	Transport	2.3587223587223587
Жетісу облысы	15-17	Мужчина	Work_home	2.7027027027027026
Жетісу облысы	15-17	Женщина	Outside	93.27731092436974
Жетісу облысы	15-17	Женщина	Rest	2.2857142857142856
Жетісу облысы	15-17	Женщина	Transport	2.2184873949579833
Жетісу облысы	15-17	Женщина	Work_home	2.2184873949579833
Жетісу облысы	18-28	Мужчина	Outside	92.3451886622134
Жетісу облысы	18-28	Мужчина	Rest	2.2025636396461454
Жетісу облысы	18-28	Мужчина	Transport	3.0510922549196606
Жетісу облысы	18-28	Мужчина	Work_home	2.401155443220798
Жетісу облысы	18-28	Женщина	Outside	91.80195739781232
Жетісу облысы	18-28	Женщина	Rest	2.5215889464594126
Жетісу облысы	18-28	Женщина	Transport	3.293033966609096
Жетісу облысы	18-28	Женщина	Work_home	2.383419689119171
Жетісу облысы	29-38	Мужчина	Outside	92.45488796351378
Жетісу облысы	29-38	Мужчина	Rest	2.3597065238945074
Жетісу облысы	29-38	Мужчина	Transport	2.8951021217529247
Жетісу облысы	29-38	Мужчина	Work_home	2.2903033908387864
Жетісу облысы	29-38	Женщина	Outside	92.8328759963413
Жетісу облысы	29-38	Женщина	Rest	2.116816934535476
Жетісу облысы	29-38	Женщина	Transport	2.724421795374363
Жетісу облысы	29-38	Женщина	Work_home	2.3258852737488565
Жетісу облысы	39-48	Мужчина	Outside	92.01565143824027
Жетісу облысы	39-48	Мужчина	Rest	2.3794416243654823
Жетісу облысы	39-48	Мужчина	Transport	2.982233502538071
Жетісу облысы	39-48	Мужчина	Work_home	2.6226734348561758
Жетісу облысы	39-48	Женщина	Outside	92.78084714548802
Жетісу облысы	39-48	Женщина	Rest	2.320441988950276
Жетісу облысы	39-48	Женщина	Transport	2.8066298342541436
Жетісу облысы	39-48	Женщина	Work_home	2.0920810313075506
Жетісу облысы	49-57	Мужчина	Outside	92.9213611016274
Жетісу облысы	49-57	Мужчина	Rest	2.2191874359849777
Жетісу облысы	49-57	Мужчина	Transport	2.8109707522476386
Жетісу облысы	49-57	Мужчина	Work_home	2.0484807101399793
Жетісу облысы	49-57	Женщина	Outside	93.01892646602545
Жетісу облысы	49-57	Женщина	Rest	2.350294756438101
Жетісу облысы	49-57	Женщина	Transport	2.5752404591995037
Жетісу облысы	49-57	Женщина	Work_home	2.055538318336953
Жетісу облысы	58+	Мужчина	Outside	92.70966368667519
Жетісу облысы	58+	Мужчина	Rest	2.203065134099617
Жетісу облысы	58+	Мужчина	Transport	2.7990634312473395
Жетісу облысы	58+	Мужчина	Work_home	2.288207747977863
Жетісу облысы	58+	Женщина	Outside	93.5198200730953
Жетісу облысы	58+	Женщина	Rest	2.1155468091087997
Жетісу облысы	58+	Женщина	Transport	2.333427045262862
Жетісу облысы	58+	Женщина	Work_home	2.0312060725330334
Западно-Казахстанская область	окт.14	Мужчина	Outside	92.74498111707415
Западно-Казахстанская область	окт.14	Мужчина	Rest	2.1665672828463527
Западно-Казахстанская область	окт.14	Мужчина	Transport	2.862254025044723
Западно-Казахстанская область	окт.14	Мужчина	Work_home	2.226197575034784
Западно-Казахстанская область	окт.14	Женщина	Outside	92.2140800837477
Западно-Казахстанская область	окт.14	Женщина	Rest	2.1983773881182938
Западно-Казахстанская область	окт.14	Женщина	Transport	2.7741428945302276
Западно-Казахстанская область	окт.14	Женщина	Work_home	2.8133996336037685
Западно-Казахстанская область	15-17	Мужчина	Outside	91.32157003961109
Западно-Казахстанская область	15-17	Мужчина	Rest	2.412675549153763
Западно-Казахстанская область	15-17	Мужчина	Transport	3.63701836514224
Западно-Казахстанская область	15-17	Мужчина	Work_home	2.628736046092906
Западно-Казахстанская область	15-17	Женщина	Outside	93.25312573720217
Западно-Казахстанская область	15-17	Женщина	Rest	2.005189903279075
Западно-Казахстанская область	15-17	Женщина	Transport	2.5241802311866004
Западно-Казахстанская область	15-17	Женщина	Work_home	2.2175041283321537
Западно-Казахстанская область	18-28	Мужчина	Outside	92.1885004482008
Западно-Казахстанская область	18-28	Мужчина	Rest	2.407478550390575
Западно-Казахстанская область	18-28	Мужчина	Transport	2.9197080291970803
Западно-Казахстанская область	18-28	Мужчина	Work_home	2.484312972211551
Западно-Казахстанская область	18-28	Женщина	Outside	92.61517615176152
Западно-Казахстанская область	18-28	Женщина	Rest	2.4220867208672088
Западно-Казахстанская область	18-28	Женщина	Transport	2.625338753387534
Западно-Казахстанская область	18-28	Женщина	Work_home	2.33739837398374
Западно-Казахстанская область	29-38	Мужчина	Outside	92.83699943598421
Западно-Казахстанская область	29-38	Мужчина	Rest	2.3547659334461364
Западно-Казахстанская область	29-38	Мужчина	Transport	2.6579244218838127
Западно-Казахстанская область	29-38	Мужчина	Work_home	2.150310208685843
Западно-Казахстанская область	29-38	Женщина	Outside	92.18973235546243
Западно-Казахстанская область	29-38	Женщина	Rest	2.5811982093532717
Западно-Казахстанская область	29-38	Женщина	Transport	2.857414991903991
Западно-Казахстанская область	29-38	Женщина	Work_home	2.3716544432803124
Западно-Казахстанская область	39-48	Мужчина	Outside	92.63981228001565
Западно-Казахстанская область	39-48	Мужчина	Rest	2.510754790770434
Западно-Казахстанская область	39-48	Мужчина	Transport	2.6202581149784905
Западно-Казахстанская область	39-48	Мужчина	Work_home	2.229174814235432
Западно-Казахстанская область	39-48	Женщина	Outside	92.51801610852056
Западно-Казахстанская область	39-48	Женщина	Rest	2.108944467994913
Западно-Казахстанская область	39-48	Женщина	Transport	2.9620601949978806
Западно-Казахстанская область	39-48	Женщина	Work_home	2.4109792284866467
Западно-Казахстанская область	49-57	Мужчина	Outside	92.43697478991596
Западно-Казахстанская область	49-57	Мужчина	Rest	2.3891909705058496
Западно-Казахстанская область	49-57	Мужчина	Transport	2.858790575053551
Западно-Казахстанская область	49-57	Мужчина	Work_home	2.3150436645246333
Западно-Казахстанская область	49-57	Женщина	Outside	92.42119382964454
Западно-Казахстанская область	49-57	Женщина	Rest	2.162977867203219
Западно-Казахстанская область	49-57	Женщина	Transport	3.085177733065057
Западно-Казахстанская область	49-57	Женщина	Work_home	2.33065057008719
Западно-Казахстанская область	58+	Мужчина	Outside	92.32840874115112
Западно-Казахстанская область	58+	Мужчина	Rest	2.4007386888273317
Западно-Казахстанская область	58+	Мужчина	Transport	2.8931979070483225
Западно-Казахстанская область	58+	Мужчина	Work_home	2.3776546629732227
Западно-Казахстанская область	58+	Женщина	Outside	92.63810015487867
Западно-Казахстанская область	58+	Женщина	Rest	2.2922044398554466
Западно-Казахстанская область	58+	Женщина	Transport	2.7671657201858544
Западно-Казахстанская область	58+	Женщина	Work_home	2.3025296850800205
Карагандинская область	окт.14	Мужчина	Outside	92.95006294586655
Карагандинская область	окт.14	Мужчина	Rest	2.161141418380193
Карагандинская область	окт.14	Мужчина	Transport	2.622744439781788
Карагандинская область	окт.14	Мужчина	Work_home	2.2660511959714644
Карагандинская область	окт.14	Женщина	Outside	92.7957605270696
Карагандинская область	окт.14	Женщина	Rest	2.248639358350043
Карагандинская область	окт.14	Женщина	Transport	2.621025494127757
Карагандинская область	окт.14	Женщина	Work_home	2.3345746204525923
Карагандинская область	15-17	Мужчина	Outside	91.85909980430529
Карагандинская область	15-17	Мужчина	Rest	2.73972602739726
Карагандинская область	15-17	Мужчина	Transport	2.935420743639922
Карагандинская область	15-17	Мужчина	Work_home	2.4657534246575343
Карагандинская область	15-17	Женщина	Outside	92.63047469184369
Карагандинская область	15-17	Женщина	Rest	2.5963808025177024
Карагандинская область	15-17	Женщина	Transport	2.7275111460792028
Карагандинская область	15-17	Женщина	Work_home	2.045633359559402
Карагандинская область	18-28	Мужчина	Outside	92.16910200028373
Карагандинская область	18-28	Мужчина	Rest	2.8514682933749467
Карагандинская область	18-28	Мужчина	Transport	2.6102993332387574
Карагандинская область	18-28	Мужчина	Work_home	2.3691303731025677
Карагандинская область	18-28	Женщина	Outside	92.73113512515009
Карагандинская область	18-28	Женщина	Rest	2.632308118592408
Карагандинская область	18-28	Женщина	Transport	2.549182599057911
Карагандинская область	18-28	Женщина	Work_home	2.0873741571995934
Карагандинская область	29-38	Мужчина	Outside	92.49941401672005
Карагандинская область	29-38	Мужчина	Rest	2.3517462301742325
Карагандинская область	29-38	Мужчина	Transport	3.0158606141104776
Карагандинская область	29-38	Мужчина	Work_home	2.132979138995234
Карагандинская область	29-38	Женщина	Outside	92.3414481245429
Карагандинская область	29-38	Женщина	Rest	2.3821962177410927
Карагандинская область	29-38	Женщина	Transport	2.878487096437154
Карагандинская область	29-38	Женщина	Work_home	2.3978685612788633
Карагандинская область	39-48	Мужчина	Outside	92.9845729552702
Карагандинская область	39-48	Мужчина	Rest	2.1977074894423856
Карагандинская область	39-48	Мужчина	Transport	2.594156683616306
Карагандинская область	39-48	Мужчина	Work_home	2.2235628716711195
Карагандинская область	39-48	Женщина	Outside	92.755831672723
Карагандинская область	39-48	Женщина	Rest	2.1099519399835893
Карагандинская область	39-48	Женщина	Transport	2.8367131637557144
Карагандинская область	39-48	Женщина	Work_home	2.297503223537686
Карагандинская область	49-57	Мужчина	Outside	92.55859549059798
Карагандинская область	49-57	Мужчина	Rest	2.4596738258622226
Карагандинская область	49-57	Мужчина	Transport	2.718117814811514
Карагандинская область	49-57	Мужчина	Work_home	2.2636128687282775
Карагандинская область	49-57	Женщина	Outside	92.79807454949395
Карагандинская область	49-57	Женщина	Rest	2.2648728708960753
Карагандинская область	49-57	Женщина	Transport	2.598123920019748
Карагандинская область	49-57	Женщина	Work_home	2.338928659590225
Карагандинская область	58+	Мужчина	Outside	92.56984180410636
Карагандинская область	58+	Мужчина	Rest	2.3224503534163583
Карагандинская область	58+	Мужчина	Transport	2.675866711544934
Карагандинская область	58+	Мужчина	Work_home	2.431841130932346
Карагандинская область	58+	Женщина	Outside	92.48892926081525
Карагандинская область	58+	Женщина	Rest	2.2936300669921654
Карагандинская область	58+	Женщина	Transport	3.065743158850914
Карагандинская область	58+	Женщина	Work_home	2.1516975133416603
Костанайская область	окт.14	Мужчина	Outside	92.0013220955214
Костанайская область	окт.14	Мужчина	Rest	2.2310361923648983
Костанайская область	окт.14	Мужчина	Transport	3.173029251363411
Костанайская область	окт.14	Мужчина	Work_home	2.594612460750289
Костанайская область	окт.14	Женщина	Outside	92.3572539435681
Костанайская область	окт.14	Женщина	Rest	2.2772717173961343
Костанайская область	окт.14	Женщина	Transport	2.8771384136858478
Костанайская область	окт.14	Женщина	Work_home	2.488335925349922
Костанайская область	15-17	Мужчина	Outside	92.37956204379562
Костанайская область	15-17	Мужчина	Rest	2.4525547445255476
Костанайская область	15-17	Мужчина	Transport	3.3576642335766422
Костанайская область	15-17	Мужчина	Work_home	1.8102189781021898
Костанайская область	15-17	Женщина	Outside	92.22966118888213
Костанайская область	15-17	Женщина	Rest	2.1708257252992493
Костанайская область	15-17	Женщина	Transport	3.10407790626902
Костанайская область	15-17	Женщина	Work_home	2.4954351795496046
Костанайская область	18-28	Мужчина	Outside	92.16113228089276
Костанайская область	18-28	Мужчина	Rest	2.4605334784975503
Костанайская область	18-28	Мужчина	Transport	3.0484485574305933
Костанайская область	18-28	Мужчина	Work_home	2.3298856831790964
Костанайская область	18-28	Женщина	Outside	92.7153253727125
Костанайская область	18-28	Женщина	Rest	2.3599236910902284
Костанайская область	18-28	Женщина	Transport	2.6284180032501943
Костанайская область	18-28	Женщина	Work_home	2.2963329329470783
Костанайская область	29-38	Мужчина	Outside	92.41573033707866
Костанайская область	29-38	Мужчина	Rest	2.2710972985895292
Костанайская область	29-38	Мужчина	Transport	2.8149653358833375
Костанайская область	29-38	Мужчина	Work_home	2.498207028448482
Костанайская область	29-38	Женщина	Outside	92.84916201117318
Костанайская область	29-38	Женщина	Rest	2.4142059058260177
Костанайская область	29-38	Женщина	Transport	2.761372705506784
Костанайская область	29-38	Женщина	Work_home	1.9752593774940144
Костанайская область	39-48	Мужчина	Outside	92.83658030394322
Костанайская область	39-48	Мужчина	Rest	2.289616388833099
Костанайская область	39-48	Мужчина	Transport	2.5841869183905737
Костанайская область	39-48	Мужчина	Work_home	2.289616388833099
Костанайская область	39-48	Женщина	Outside	92.82367780881161
Костанайская область	39-48	Женщина	Rest	2.207406072619155
Костанайская область	39-48	Женщина	Transport	2.7705198666546536
Костанайская область	39-48	Женщина	Work_home	2.1983962519145868
Костанайская область	49-57	Мужчина	Outside	92.46688741721854
Костанайская область	49-57	Мужчина	Rest	2.3661699779249448
Костанайская область	49-57	Мужчина	Transport	2.8421633554083887
Костанайская область	49-57	Мужчина	Work_home	2.3247792494481234
Костанайская область	49-57	Женщина	Outside	92.64513108614233
Костанайская область	49-57	Женщина	Rest	2.2752808988764044
Костанайская область	49-57	Женщина	Transport	2.8745318352059925
Костанайская область	49-57	Женщина	Work_home	2.205056179775281
Костанайская область	58+	Мужчина	Outside	92.33212341197822
Костанайская область	58+	Мужчина	Rest	2.3269380347420277
Костанайская область	58+	Мужчина	Transport	3.046409126263936
Костанайская область	58+	Мужчина	Work_home	2.2945294270158154
Костанайская область	58+	Женщина	Outside	93.04725211460963
Костанайская область	58+	Женщина	Rest	2.103538372968425
Костанайская область	58+	Женщина	Transport	2.692529117399584
Костанайская область	58+	Женщина	Work_home	2.156680395022364
Кызылординская область	окт.14	Мужчина	Outside	91.9098712446352
Кызылординская область	окт.14	Мужчина	Rest	2.703862660944206
Кызылординская область	окт.14	Мужчина	Transport	3.133047210300429
Кызылординская область	окт.14	Мужчина	Work_home	2.2532188841201717
Кызылординская область	окт.14	Женщина	Outside	92.89500071622976
Кызылординская область	окт.14	Женщина	Rest	2.3205844434894716
Кызылординская область	окт.14	Женщина	Transport	2.8076206847156566
Кызылординская область	окт.14	Женщина	Work_home	1.9767941555651052
Кызылординская область	15-17	Мужчина	Outside	92.4468922108576
Кызылординская область	15-17	Мужчина	Rest	2.5963808025177024
Кызылординская область	15-17	Мужчина	Transport	2.5177025963808024
Кызылординская область	15-17	Мужчина	Work_home	2.4390243902439024
Кызылординская область	15-17	Женщина	Outside	93.3851098018211
Кызылординская область	15-17	Женщина	Rest	1.955008034279593
Кызылординская область	15-17	Женщина	Transport	2.41028387787895
Кызылординская область	15-17	Женщина	Work_home	2.2495982860203534
Кызылординская область	18-28	Мужчина	Outside	91.35766844611167
Кызылординская область	18-28	Мужчина	Rest	2.7845909681142693
Кызылординская область	18-28	Мужчина	Transport	3.2174289424325493
Кызылординская область	18-28	Мужчина	Work_home	2.640311643341509
Кызылординская область	18-28	Женщина	Outside	92.50162202243025
Кызылординская область	18-28	Женщина	Rest	2.372787097970155
Кызылординская область	18-28	Женщина	Transport	2.8825655760496804
Кызылординская область	18-28	Женщина	Work_home	2.243025303549912
Кызылординская область	29-38	Мужчина	Outside	92.49629109080972
Кызылординская область	29-38	Мужчина	Rest	2.483017100023425
Кызылординская область	29-38	Мужчина	Transport	2.693839306629187
Кызылординская область	29-38	Мужчина	Work_home	2.3268525025376747
Кызылординская область	29-38	Женщина	Outside	92.7163169300703
Кызылординская область	29-38	Женщина	Rest	2.278133093715313
Кызылординская область	29-38	Женщина	Transport	2.7908451820920765
Кызылординская область	29-38	Женщина	Work_home	2.214704794122311
Кызылординская область	39-48	Мужчина	Outside	92.08849862258953
Кызылординская область	39-48	Мужчина	Rest	2.2899449035812673
Кызылординская область	39-48	Мужчина	Transport	3.090564738292011
Кызылординская область	39-48	Мужчина	Work_home	2.53099173553719
Кызылординская область	39-48	Женщина	Outside	92.96007559650366
Кызылординская область	39-48	Женщина	Rest	2.108433734939759
Кызылординская область	39-48	Женщина	Transport	2.758091188282542
Кызылординская область	39-48	Женщина	Work_home	2.1733994802740373
Кызылординская область	49-57	Мужчина	Outside	92.64504339881225
Кызылординская область	49-57	Мужчина	Rest	2.284148012791229
Кызылординская область	49-57	Мужчина	Transport	3.005938784833257
Кызылординская область	49-57	Мужчина	Work_home	2.064869803563271
Кызылординская область	49-57	Женщина	Outside	92.39157220305569
Кызылординская область	49-57	Женщина	Rest	2.3841793987185804
Кызылординская область	49-57	Женщина	Transport	3.043371118777723
Кызылординская область	49-57	Женщина	Work_home	2.180877279448004
Кызылординская область	58+	Мужчина	Outside	92.74349692735079
Кызылординская область	58+	Мужчина	Rest	2.3318461149928447
Кызылординская область	58+	Мужчина	Transport	2.643320144793333
Кызылординская область	58+	Мужчина	Work_home	2.2813368128630356
Кызылординская область	58+	Женщина	Outside	92.72355181626968
Кызылординская область	58+	Женщина	Rest	2.336422033994656
Кызылординская область	58+	Женщина	Transport	2.740037519185947
Кызылординская область	58+	Женщина	Work_home	2.1999886305497127
Мангистауская область	окт.14	Мужчина	Outside	93.18181818181819
Мангистауская область	окт.14	Мужчина	Rest	2.317731773177318
Мангистауская область	окт.14	Мужчина	Transport	2.632763276327633
Мангистауская область	окт.14	Мужчина	Work_home	1.8676867686768677
Мангистауская область	окт.14	Женщина	Outside	92.54047510969889
Мангистауская область	окт.14	Женщина	Rest	2.299894083825087
Мангистауская область	окт.14	Женщина	Transport	2.7689514298683613
Мангистауская область	окт.14	Женщина	Work_home	2.390679376607656
Мангистауская область	15-17	Мужчина	Outside	92.46147438567263
Мангистауская область	15-17	Мужчина	Rest	1.9991670137442732
Мангистауская область	15-17	Мужчина	Transport	2.832153269471054
Мангистауская область	15-17	Мужчина	Work_home	2.7072053311120365
Мангистауская область	15-17	Женщина	Outside	93.10344827586206
Мангистауская область	15-17	Женщина	Rest	2.0689655172413794
Мангистауская область	15-17	Женщина	Transport	2.9793103448275864
Мангистауская область	15-17	Женщина	Work_home	1.8482758620689654
Мангистауская область	18-28	Мужчина	Outside	92.54192409532216
Мангистауская область	18-28	Мужчина	Rest	2.5154457193292146
Мангистауская область	18-28	Мужчина	Transport	2.6037069726390114
Мангистауская область	18-28	Мужчина	Work_home	2.3389232127096204
Мангистауская область	18-28	Женщина	Outside	92.83174786201594
Мангистауская область	18-28	Женщина	Rest	2.2773133467858173
Мангистауская область	18-28	Женщина	Transport	2.7865859517632363
Мангистауская область	18-28	Женщина	Work_home	2.1043528394349957
Мангистауская область	29-38	Мужчина	Outside	92.48661311914324
Мангистауская область	29-38	Мужчина	Rest	2.31760374832664
Мангистауская область	29-38	Мужчина	Transport	2.7777777777777777
Мангистауская область	29-38	Мужчина	Work_home	2.4180053547523426
Мангистауская область	29-38	Женщина	Outside	93.11537603213569
Мангистауская область	29-38	Женщина	Rest	2.1591162686900245
Мангистауская область	29-38	Женщина	Transport	2.49944208881946
Мангистауская область	29-38	Женщина	Work_home	2.2260656103548313
Мангистауская область	39-48	Мужчина	Outside	92.23740161042251
Мангистауская область	39-48	Мужчина	Rest	2.53324889170361
Мангистауская область	39-48	Мужчина	Transport	2.9765674477517416
Мангистауская область	39-48	Мужчина	Work_home	2.2527820501221387
Мангистауская область	39-48	Женщина	Outside	93.21863619238981
Мангистауская область	39-48	Женщина	Rest	2.015572020595253
Мангистауская область	39-48	Женщина	Transport	2.555569508979028
Мангистауская область	39-48	Женщина	Work_home	2.210222278035916
Мангистауская область	49-57	Мужчина	Outside	93.02729289227506
Мангистауская область	49-57	Мужчина	Rest	2.083132413926126
Мангистауская область	49-57	Мужчина	Transport	2.8064422798726976
Мангистауская область	49-57	Мужчина	Work_home	2.083132413926126
Мангистауская область	49-57	Женщина	Outside	92.73015663207984
Мангистауская область	49-57	Женщина	Rest	2.4519198995439826
Мангистауская область	49-57	Женщина	Transport	2.835238913488864
Мангистауская область	49-57	Женщина	Work_home	1.9826845548873173
Мангистауская область	58+	Мужчина	Outside	92.53514739229026
Мангистауская область	58+	Мужчина	Rest	2.2222222222222223
Мангистауская область	58+	Мужчина	Transport	2.947845804988662
Мангистауская область	58+	Мужчина	Work_home	2.2947845804988662
Мангистауская область	58+	Женщина	Outside	92.92504570383912
Мангистауская область	58+	Женщина	Rest	2.212065813528336
Мангистауская область	58+	Женщина	Transport	2.8884826325411335
Мангистауская область	58+	Женщина	Work_home	1.9744058500914077
Павлодарская область	окт.14	Мужчина	Outside	92.21256684491979
Павлодарская область	окт.14	Мужчина	Rest	2.2560160427807485
Павлодарская область	окт.14	Мужчина	Transport	2.9913101604278074
Павлодарская область	окт.14	Мужчина	Work_home	2.5401069518716577
Павлодарская область	окт.14	Женщина	Outside	92.49972746102692
Павлодарская область	окт.14	Женщина	Rest	2.2784258148915293
Павлодарская область	окт.14	Женщина	Transport	2.8235037610378284
Павлодарская область	окт.14	Женщина	Work_home	2.3983429630437154
Павлодарская область	15-17	Мужчина	Outside	93.23995127892813
Павлодарская область	15-17	Мужчина	Rest	2.192448233861145
Павлодарская область	15-17	Мужчина	Transport	2.5883069427527405
Павлодарская область	15-17	Мужчина	Work_home	1.979293544457978
Павлодарская область	15-17	Женщина	Outside	93.09290953545232
Павлодарская область	15-17	Женщина	Rest	2.26161369193154
Павлодарская область	15-17	Женщина	Transport	2.7709861450692745
Павлодарская область	15-17	Женщина	Work_home	1.8744906275468622
Павлодарская область	18-28	Мужчина	Outside	92.02203856749311
Павлодарская область	18-28	Мужчина	Rest	2.3581267217630852
Павлодарская область	18-28	Мужчина	Transport	3.1074380165289255
Павлодарская область	18-28	Мужчина	Work_home	2.512396694214876
Павлодарская область	18-28	Женщина	Outside	92.88676008006863
Павлодарская область	18-28	Женщина	Rest	2.1804403774664
Павлодарская область	18-28	Женщина	Transport	2.8309979982842437
Павлодарская область	18-28	Женщина	Work_home	2.1018015441807263
Павлодарская область	29-38	Мужчина	Outside	92.73029637108749
Павлодарская область	29-38	Мужчина	Rest	2.4172952426204195
Павлодарская область	29-38	Мужчина	Transport	2.696442359090099
Павлодарская область	29-38	Мужчина	Work_home	2.1559660272019956
Павлодарская область	29-38	Женщина	Outside	92.61783309528667
Павлодарская область	29-38	Женщина	Rest	2.346459906141604
Павлодарская область	29-38	Женщина	Transport	2.7545398898184046
Павлодарская область	29-38	Женщина	Work_home	2.2811671087533156
Павлодарская область	39-48	Мужчина	Outside	92.47614067198326
Павлодарская область	39-48	Мужчина	Rest	2.4251536148516144
Павлодарская область	39-48	Мужчина	Transport	2.7519937246698913
Павлодарская область	39-48	Мужчина	Work_home	2.3467119884952283
Павлодарская область	39-48	Женщина	Outside	92.79903450741999
Павлодарская область	39-48	Женщина	Rest	2.185767924190953
Павлодарская область	39-48	Женщина	Transport	2.735562310030395
Павлодарская область	39-48	Женщина	Work_home	2.2796352583586628
Павлодарская область	49-57	Мужчина	Outside	92.6908462867012
Павлодарская область	49-57	Мужчина	Rest	2.4179620034542313
Павлодарская область	49-57	Мужчина	Transport	2.673575129533679
Павлодарская область	49-57	Мужчина	Work_home	2.2176165803108807
Павлодарская область	49-57	Женщина	Outside	92.80834914611006
Павлодарская область	49-57	Женщина	Rest	2.333965844402277
Павлодарская область	49-57	Женщина	Transport	2.661290322580645
Павлодарская область	49-57	Женщина	Work_home	2.1963946869070208
Павлодарская область	58+	Мужчина	Outside	92.83048516990767
Павлодарская область	58+	Мужчина	Rest	2.2916257447783672
Павлодарская область	58+	Мужчина	Transport	2.658285863942906
Павлодарская область	58+	Мужчина	Work_home	2.219603221371047
Павлодарская область	58+	Женщина	Outside	92.59535291538799
Павлодарская область	58+	Женщина	Rest	2.0648838228846995
Павлодарская область	58+	Женщина	Transport	2.9943007452871546
Павлодарская область	58+	Женщина	Work_home	2.3454625164401577
Северо-Казахстанская область	окт.14	Мужчина	Outside	92.19080592421619
Северо-Казахстанская область	окт.14	Мужчина	Rest	2.404308520869398
Северо-Казахстанская область	окт.14	Мужчина	Transport	3.039045970378919
Северо-Казахстанская область	окт.14	Мужчина	Work_home	2.3658395845354874
Северо-Казахстанская область	окт.14	Женщина	Outside	92.5863412100753
Северо-Казахстанская область	окт.14	Женщина	Rest	2.1163334198909376
Северо-Казахстанская область	окт.14	Женщина	Transport	2.947286419111919
Северо-Казахстанская область	окт.14	Женщина	Work_home	2.3500389509218387
Северо-Казахстанская область	15-17	Мужчина	Outside	92.8
Северо-Казахстанская область	15-17	Мужчина	Rest	2.226086956521739
Северо-Казахстанская область	15-17	Мужчина	Transport	2.8521739130434782
Северо-Казахстанская область	15-17	Мужчина	Work_home	2.121739130434783
Северо-Казахстанская область	15-17	Женщина	Outside	92.7468757657437
Северо-Казахстанская область	15-17	Женщина	Rest	1.862288654741485
Северо-Казахстанская область	15-17	Женщина	Transport	3.0629747610879687
Северо-Казахстанская область	15-17	Женщина	Work_home	2.3278608184268563
Северо-Казахстанская область	18-28	Мужчина	Outside	91.96672299493045
Северо-Казахстанская область	18-28	Мужчина	Rest	2.430781229689328
Северо-Казахстанская область	18-28	Мужчина	Transport	3.0157285844274013
Северо-Казахстанская область	18-28	Мужчина	Work_home	2.586767190952814
Северо-Казахстанская область	18-28	Женщина	Outside	92.57805835181709
Северо-Казахстанская область	18-28	Женщина	Rest	2.2521753966899847
Северо-Казахстанская область	18-28	Женщина	Transport	2.7725644088039583
Северо-Казахстанская область	18-28	Женщина	Work_home	2.3972018426889607
Северо-Казахстанская область	29-38	Мужчина	Outside	92.16069489685125
Северо-Казахстанская область	29-38	Мужчина	Rest	2.4031849439015565
Северо-Казахстанская область	29-38	Мужчина	Transport	2.8881650380021715
Северо-Казахстанская область	29-38	Мужчина	Work_home	2.5479551212450233
Северо-Казахстанская область	29-38	Женщина	Outside	92.77362939673806
Северо-Казахстанская область	29-38	Женщина	Rest	2.1762625270190608
Северо-Казахстанская область	29-38	Женщина	Transport	2.918058557673413
Северо-Казахстанская область	29-38	Женщина	Work_home	2.1320495185694637
Северо-Казахстанская область	39-48	Мужчина	Outside	92.53305883284504
Северо-Казахстанская область	39-48	Мужчина	Rest	2.3121387283236996
Северо-Казахстанская область	39-48	Мужчина	Transport	2.7872357272943225
Северо-Казахстанская область	39-48	Мужчина	Work_home	2.3675667115369388
Северо-Казахстанская область	39-48	Женщина	Outside	92.97346361257942
Северо-Казахстанская область	39-48	Женщина	Rest	2.2264936729136635
Северо-Казахстанская область	39-48	Женщина	Transport	2.723049815793689
Северо-Казахстанская область	39-48	Женщина	Work_home	2.0769928987132253
Северо-Казахстанская область	49-57	Мужчина	Outside	92.71864858117667
Северо-Казахстанская область	49-57	Мужчина	Rest	2.3217109095448114
Северо-Казахстанская область	49-57	Мужчина	Transport	2.6795373221269867
Северо-Казахстанская область	49-57	Мужчина	Work_home	2.280103187151535
Северо-Казахстанская область	49-57	Женщина	Outside	92.97303408898185
Северо-Казахстанская область	49-57	Женщина	Rest	2.193453558708802
Северо-Казахстанская область	49-57	Женщина	Transport	2.747470179207417
Северо-Казахстанская область	49-57	Женщина	Work_home	2.086042173101928
Северо-Казахстанская область	58+	Мужчина	Outside	92.6692607003891
Северо-Казахстанская область	58+	Мужчина	Rest	2.342412451361868
Северо-Казахстанская область	58+	Мужчина	Transport	2.762645914396887
Северо-Казахстанская область	58+	Мужчина	Work_home	2.22568093385214
Северо-Казахстанская область	58+	Женщина	Outside	92.45687401986409
Северо-Казахстанская область	58+	Женщина	Rest	2.4046001045478307
Северо-Казахстанская область	58+	Женщина	Transport	2.8959749085206483
Северо-Казахстанская область	58+	Женщина	Work_home	2.2425509670674333
Туркестанская область	окт.14	Мужчина	Outside	92.75331788497999
Туркестанская область	окт.14	Мужчина	Rest	1.9591320834211081
Туркестанская область	окт.14	Мужчина	Transport	2.6543079839898884
Туркестанская область	окт.14	Мужчина	Work_home	2.6332420476090164
Туркестанская область	окт.14	Женщина	Outside	92.36620107868897
Туркестанская область	окт.14	Женщина	Rest	2.5584289863089476
Туркестанская область	окт.14	Женщина	Transport	2.738210482644171
Туркестанская область	окт.14	Женщина	Work_home	2.3371594523579033
Туркестанская область	15-17	Мужчина	Outside	92.67638036809817
Туркестанская область	15-17	Мужчина	Rest	2.338957055214724
Туркестанская область	15-17	Мужчина	Transport	2.875766871165644
Туркестанская область	15-17	Мужчина	Work_home	2.1088957055214723
Туркестанская область	15-17	Женщина	Outside	93.60170621167688
Туркестанская область	15-17	Женщина	Rest	1.7861903492402027
Туркестанская область	15-17	Женщина	Transport	2.532657957877899
Туркестанская область	15-17	Женщина	Work_home	2.079445481205012
Туркестанская область	18-28	Мужчина	Outside	92.92349726775956
Туркестанская область	18-28	Мужчина	Rest	1.953551912568306
Туркестанская область	18-28	Мужчина	Transport	2.9918032786885247
Туркестанская область	18-28	Мужчина	Work_home	2.1311475409836067
Туркестанская область	18-28	Женщина	Outside	92.9020429544264
Туркестанская область	18-28	Женщина	Rest	2.217565915837262
Туркестанская область	18-28	Женщина	Transport	2.680286362842675
Туркестанская область	18-28	Женщина	Work_home	2.2001047668936615
Туркестанская область	29-38	Мужчина	Outside	92.87444331588405
Туркестанская область	29-38	Мужчина	Rest	2.140792249394484
Туркестанская область	29-38	Мужчина	Transport	2.9846081725134774
Туркестанская область	29-38	Мужчина	Work_home	2.000156262207985
Туркестанская область	29-38	Женщина	Outside	92.75202932704896
Туркестанская область	29-38	Женщина	Rest	2.141921969101859
Туркестанская область	29-38	Женщина	Transport	2.75464781356376
Туркестанская область	29-38	Женщина	Work_home	2.351400890285415
Туркестанская область	39-48	Мужчина	Outside	92.94107629427793
Туркестанская область	39-48	Мужчина	Rest	2.1798365122615806
Туркестанская область	39-48	Мужчина	Transport	2.8525204359673024
Туркестанская область	39-48	Мужчина	Work_home	2.026566757493188
Туркестанская область	39-48	Женщина	Outside	92.87494927242159
Туркестанская область	39-48	Женщина	Rest	2.185633949794191
Туркестанская область	39-48	Женщина	Transport	2.8929213287726823
Туркестанская область	39-48	Женщина	Work_home	2.046495449011537
Туркестанская область	49-57	Мужчина	Outside	92.38685001365995
Туркестанская область	49-57	Мужчина	Rest	2.5407522083598946
Туркестанская область	49-57	Мужчина	Transport	2.8503779255076953
Туркестанская область	49-57	Мужчина	Work_home	2.2220198524724526
Туркестанская область	49-57	Женщина	Outside	93.05496378355348
Туркестанская область	49-57	Женщина	Rest	2.0938584210846676
Туркестанская область	49-57	Женщина	Transport	2.6234098240915453
Туркестанская область	49-57	Женщина	Work_home	2.227767971270315
Туркестанская область	58+	Мужчина	Outside	93.04333525203519
Туркестанская область	58+	Мужчина	Rest	2.32711125729792
Туркестанская область	58+	Мужчина	Transport	2.5080174327769096
Туркестанская область	58+	Мужчина	Work_home	2.1215360578899762
Туркестанская область	58+	Женщина	Outside	92.90469416785206
Туркестанская область	58+	Женщина	Rest	2.275960170697013
Туркестанская область	58+	Женщина	Transport	2.7027027027027026
Туркестанская область	58+	Женщина	Work_home	2.116642958748222
г. Алматы	окт.14	Мужчина	Outside	92.39724819192098
г. Алматы	окт.14	Мужчина	Rest	2.1520550361615807
г. Алматы	окт.14	Мужчина	Transport	3.0693243958370084
г. Алматы	окт.14	Мужчина	Work_home	2.3813723760804373
г. Алматы	окт.14	Женщина	Outside	92.39426608221774
г. Алматы	окт.14	Женщина	Rest	2.2746120127946927
г. Алматы	окт.14	Женщина	Transport	2.8788058286932827
г. Алматы	окт.14	Женщина	Work_home	2.4523160762942777
г. Алматы	15-17	Мужчина	Outside	92.14170692431561
г. Алматы	15-17	Мужчина	Rest	2.5120772946859904
г. Алматы	15-17	Мужчина	Transport	2.8019323671497585
г. Алматы	15-17	Мужчина	Work_home	2.5442834138486314
г. Алматы	15-17	Женщина	Outside	92.59822009984806
г. Алматы	15-17	Женщина	Rest	2.08378554373779
г. Алматы	15-17	Женщина	Transport	3.082266116778815
г. Алматы	15-17	Женщина	Work_home	2.2357282396353377
г. Алматы	18-28	Мужчина	Outside	92.15345387111729
г. Алматы	18-28	Мужчина	Rest	2.60778859527121
г. Алматы	18-28	Мужчина	Transport	2.804821511358368
г. Алматы	18-28	Мужчина	Work_home	2.433936022253129
г. Алматы	18-28	Женщина	Outside	92.74199709679884
г. Алматы	18-28	Женщина	Rest	2.4142409656963864
г. Алматы	18-28	Женщина	Transport	2.780961112384445
г. Алматы	18-28	Женщина	Work_home	2.06280082512033
г. Алматы	29-38	Мужчина	Outside	92.73988292186307
г. Алматы	29-38	Мужчина	Rest	2.4179180453041487
г. Алматы	29-38	Мужчина	Transport	2.748791040977348
г. Алматы	29-38	Мужчина	Work_home	2.093407991855434
г. Алматы	29-38	Женщина	Outside	92.88439857774695
г. Алматы	29-38	Женщина	Rest	2.1593964096782585
г. Алматы	29-38	Женщина	Transport	2.7707917786835488
г. Алматы	29-38	Женщина	Work_home	2.1854132338912495
г. Алматы	39-48	Мужчина	Outside	92.75372810192559
г. Алматы	39-48	Мужчина	Rest	2.1355146952367163
г. Алматы	39-48	Мужчина	Transport	2.8015057188359633
г. Алматы	39-48	Мужчина	Work_home	2.3092514840017375
г. Алматы	39-48	Женщина	Outside	93.07204108328085
г. Алматы	39-48	Женщина	Rest	2.0590087689549925
г. Алматы	39-48	Женщина	Transport	2.7324257545661546
г. Алматы	39-48	Женщина	Work_home	2.136524393198004
г. Алматы	49-57	Мужчина	Outside	92.50148632580262
г. Алматы	49-57	Мужчина	Rest	2.4227110582639715
г. Алматы	49-57	Мужчина	Transport	2.749702734839477
г. Алматы	49-57	Мужчина	Work_home	2.3260998810939357
г. Алматы	49-57	Женщина	Outside	92.63179320170975
г. Алматы	49-57	Женщина	Rest	2.269489110523102
г. Алматы	49-57	Женщина	Transport	2.8546712802768166
г. Алматы	49-57	Женщина	Work_home	2.2440464074903317
г. Алматы	58+	Мужчина	Outside	92.58606094808127
г. Алматы	58+	Мужчина	Rest	2.476015801354402
г. Алматы	58+	Мужчина	Transport	2.8146162528216703
г. Алматы	58+	Мужчина	Work_home	2.1233069977426635
г. Алматы	58+	Женщина	Outside	92.60696750058452
г. Алматы	58+	Женщина	Rest	2.277297170914192
г. Алматы	58+	Женщина	Transport	2.716857610474632
г. Алматы	58+	Женщина	Work_home	2.3988777180266543
г. Астана	окт.14	Мужчина	Outside	92.24426694150992
г. Астана	окт.14	Мужчина	Rest	2.2159237309971656
г. Астана	окт.14	Мужчина	Transport	3.066220046379799
г. Астана	окт.14	Мужчина	Work_home	2.473589281113115
г. Астана	окт.14	Женщина	Outside	92.90149353918443
г. Астана	окт.14	Женщина	Rest	2.0976673938580297
г. Астана	окт.14	Женщина	Transport	2.584326229233093
г. Астана	окт.14	Женщина	Work_home	2.4165128377244502
г. Астана	15-17	Мужчина	Outside	93.29734592892487
г. Астана	15-17	Мужчина	Rest	2.42914979757085
г. Астана	15-17	Мужчина	Transport	2.3391812865497075
г. Астана	15-17	Мужчина	Work_home	1.934322986954566
г. Астана	15-17	Женщина	Outside	92.78382581648522
г. Астана	15-17	Женщина	Rest	2.457231726283048
г. Астана	15-17	Женщина	Transport	2.6127527216174182
г. Астана	15-17	Женщина	Work_home	2.146189735614308
г. Астана	18-28	Мужчина	Outside	92.4713312281868
г. Астана	18-28	Мужчина	Rest	2.359980056506565
г. Астана	18-28	Мужчина	Transport	2.742230347349177
г. Астана	18-28	Мужчина	Work_home	2.426458367957454
г. Астана	18-28	Женщина	Outside	92.55864702673213
г. Астана	18-28	Женщина	Rest	2.4768139661756683
г. Астана	18-28	Женщина	Transport	3.0223677032187672
г. Астана	18-28	Женщина	Work_home	1.9421713038734316
г. Астана	29-38	Мужчина	Outside	92.31691569821066
г. Астана	29-38	Мужчина	Rest	2.222837114923446
г. Астана	29-38	Мужчина	Transport	2.8961446227633276
г. Астана	29-38	Мужчина	Work_home	2.5641025641025643
г. Астана	29-38	Женщина	Outside	92.80918617054652
г. Астана	29-38	Женщина	Rest	2.020455543703332
г. Астана	29-38	Женщина	Transport	2.86754094246094
г. Астана	29-38	Женщина	Work_home	2.302817343289201
г. Астана	39-48	Мужчина	Outside	92.60512820512821
г. Астана	39-48	Мужчина	Rest	2.194871794871795
г. Астана	39-48	Мужчина	Transport	2.8923076923076922
г. Астана	39-48	Мужчина	Work_home	2.3076923076923075
г. Астана	39-48	Женщина	Outside	92.73279911577784
г. Астана	39-48	Женщина	Rest	2.45233489914341
г. Астана	39-48	Женщина	Transport	2.631942525559547
г. Астана	39-48	Женщина	Work_home	2.182923459519204
г. Астана	49-57	Мужчина	Outside	92.8967576791809
г. Астана	49-57	Мужчина	Rest	2.186433447098976
г. Астана	49-57	Мужчина	Transport	2.794368600682594
г. Астана	49-57	Мужчина	Work_home	2.1224402730375425
г. Астана	49-57	Женщина	Outside	92.76729559748428
г. Астана	49-57	Женщина	Rest	2.0988737750475353
г. Астана	49-57	Женщина	Transport	2.7351177416995758
г. Астана	49-57	Женщина	Work_home	2.398712885768612
г. Астана	58+	Мужчина	Outside	92.6010983524713
г. Астана	58+	Мужчина	Rest	2.4463305042436345
г. Астана	58+	Мужчина	Transport	2.8257613579630556
г. Астана	58+	Мужчина	Work_home	2.126809785322017
г. Астана	58+	Женщина	Outside	92.99049442658826
г. Астана	58+	Женщина	Rest	2.1951719893318744
г. Астана	58+	Женщина	Transport	2.660192846885044
г. Астана	58+	Женщина	Work_home	2.15414073719483
г. Шымкент	окт.14	Мужчина	Outside	93.23271665043816
г. Шымкент	окт.14	Мужчина	Rest	2.142161635832522
г. Шымкент	окт.14	Мужчина	Transport	2.4829600778967866
г. Шымкент	окт.14	Мужчина	Work_home	2.142161635832522
г. Шымкент	окт.14	Женщина	Outside	93.07629204265791
г. Шымкент	окт.14	Женщина	Rest	2.3297785069729287
г. Шымкент	окт.14	Женщина	Transport	2.51025430680886
г. Шымкент	окт.14	Женщина	Work_home	2.083675143560295
г. Шымкент	15-17	Мужчина	Outside	92.89785181937746
г. Шымкент	15-17	Мужчина	Rest	1.709776413853573
г. Шымкент	15-17	Мужчина	Transport	2.8496273564226215
г. Шымкент	15-17	Мужчина	Work_home	2.5427444103463395
г. Шымкент	15-17	Женщина	Outside	92.28413962033068
г. Шымкент	15-17	Женщина	Rest	2.0820575627679117
г. Шымкент	15-17	Женщина	Transport	2.7250459277403554
г. Шымкент	15-17	Женщина	Work_home	2.908756889161053
г. Шымкент	18-28	Мужчина	Outside	93.00090117152298
г. Шымкент	18-28	Мужчина	Rest	2.192850705917693
г. Шымкент	18-28	Мужчина	Transport	2.9137879243015923
г. Шымкент	18-28	Мужчина	Work_home	1.8924601982577351
г. Шымкент	18-28	Женщина	Outside	93.10945018941334
г. Шымкент	18-28	Женщина	Rest	2.3036756424695404
г. Шымкент	18-28	Женщина	Transport	2.662025186853691
г. Шымкент	18-28	Женщина	Work_home	1.9248489812634382
г. Шымкент	29-38	Мужчина	Outside	92.51274711512657
г. Шымкент	29-38	Мужчина	Rest	2.3973521781912512
г. Шымкент	29-38	Мужчина	Transport	2.7909473119241435
г. Шымкент	29-38	Мужчина	Work_home	2.2989533947580285
г. Шымкент	29-38	Женщина	Outside	92.56954612005856
г. Шымкент	29-38	Женщина	Rest	2.3365056124938994
г. Шымкент	29-38	Женщина	Transport	2.812347486578819
г. Шымкент	29-38	Женщина	Work_home	2.2816007808687164
г. Шымкент	39-48	Мужчина	Outside	92.40282685512368
г. Шымкент	39-48	Мужчина	Rest	2.3949744797801333
г. Шымкент	39-48	Мужчина	Transport	2.866117000392619
г. Шымкент	39-48	Мужчина	Work_home	2.3360816647035727
г. Шымкент	39-48	Женщина	Outside	92.82296650717703
г. Шымкент	39-48	Женщина	Rest	2.086656034024455
г. Шымкент	39-48	Женщина	Transport	2.6780967570441256
г. Шымкент	39-48	Женщина	Work_home	2.412280701754386
г. Шымкент	49-57	Мужчина	Outside	92.86311389759666
г. Шымкент	49-57	Мужчина	Rest	2.3824451410658307
г. Шымкент	49-57	Мужчина	Transport	2.7063740856844305
г. Шымкент	49-57	Мужчина	Work_home	2.0480668756530824
г. Шымкент	49-57	Женщина	Outside	92.94611616515046
г. Шымкент	49-57	Женщина	Rest	2.0853743876836948
г. Шымкент	49-57	Женщина	Transport	2.8971308607417776
г. Шымкент	49-57	Женщина	Work_home	2.0713785864240726
г. Шымкент	58+	Мужчина	Outside	92.49303066507368
г. Шымкент	58+	Мужчина	Rest	2.3496614894464356
г. Шымкент	58+	Мужчина	Transport	3.006770211071286
г. Шымкент	58+	Мужчина	Work_home	2.150537634408602
г. Шымкент	58+	Женщина	Outside	93.08921786977598
г. Шымкент	58+	Женщина	Rest	2.1354644307611688
г. Шымкент	58+	Женщина	Transport	2.626752259924014
г. Шымкент	58+	Женщина	Work_home	2.1485654395388445
?лытау облысы	окт.14	Мужчина	Outside	92.01736806947228
?лытау облысы	окт.14	Мужчина	Rest	3.1396125584502337
?лытау облысы	окт.14	Мужчина	Transport	2.4716098864395457
?лытау облысы	окт.14	Мужчина	Work_home	2.3714094856379426
?лытау облысы	окт.14	Женщина	Outside	92.54259791989378
?лытау облысы	окт.14	Женщина	Rest	2.2571365346315555
?лытау облысы	окт.14	Женщина	Transport	2.965257800398318
?лытау облысы	окт.14	Женщина	Work_home	2.235007745076344
?лытау облысы	15-17	Мужчина	Outside	93.32921556516368
?лытау облысы	15-17	Мужчина	Rest	2.4706609017912293
?лытау облысы	15-17	Мужчина	Transport	2.4706609017912293
?лытау облысы	15-17	Мужчина	Work_home	1.7294626312538603
?лытау облысы	15-17	Женщина	Outside	93.64016736401673
?лытау облысы	15-17	Женщина	Rest	2.217573221757322
?лытау облысы	15-17	Женщина	Transport	2.301255230125523
?лытау облысы	15-17	Женщина	Work_home	1.8410041841004183
?лытау облысы	18-28	Мужчина	Outside	92.21176985342376
?лытау облысы	18-28	Мужчина	Rest	2.2533362502734633
?лытау облысы	18-28	Мужчина	Transport	3.1940494421352
?лытау облысы	18-28	Мужчина	Work_home	2.3408444541675784
?лытау облысы	18-28	Женщина	Outside	92.38189814158036
?лытау облысы	18-28	Женщина	Rest	2.440062420201447
?лытау облысы	18-28	Женщина	Transport	2.823095474535395
?лытау облысы	18-28	Женщина	Work_home	2.354943963682792
?лытау облысы	29-38	Мужчина	Outside	93.08191502387658
?лытау облысы	29-38	Мужчина	Rest	1.9223705154891637
?лытау облысы	29-38	Мужчина	Transport	2.9386555650789763
?лытау облысы	29-38	Мужчина	Work_home	2.0570588955552833
?лытау облысы	29-38	Женщина	Outside	92.61689228469396
?лытау облысы	29-38	Женщина	Rest	2.2672535503695705
?лытау облысы	29-38	Женщина	Transport	2.9233452371065525
?лытау облысы	29-38	Женщина	Work_home	2.1925089278299144
?лытау облысы	39-48	Мужчина	Outside	92.98918252772833
?лытау облысы	39-48	Мужчина	Rest	2.190880460084897
?лытау облысы	39-48	Мужчина	Transport	2.765986580857182
?лытау облысы	39-48	Мужчина	Work_home	2.0539504313295907
?лытау облысы	39-48	Женщина	Outside	93.25627957772114
?лытау облысы	39-48	Женщина	Rest	2.147797597378959
?лытау облысы	39-48	Женщина	Transport	2.4026210411357845
?лытау облысы	39-48	Женщина	Work_home	2.1933017837641064
?лытау облысы	49-57	Мужчина	Outside	92.45742092457421
?лытау облысы	49-57	Мужчина	Rest	2.10390725633319
?лытау облысы	49-57	Мужчина	Transport	3.0771432660655504
?лытау облысы	49-57	Мужчина	Work_home	2.3615285530270502
?лытау облысы	49-57	Женщина	Outside	93.27567777669809
?лытау облысы	49-57	Женщина	Rest	2.186376445437761
?лытау облысы	49-57	Женщина	Transport	2.526479448061413
?лытау облысы	49-57	Женщина	Work_home	2.01146632980274
?лытау облысы	58+	Мужчина	Outside	92.75303643724696
?лытау облысы	58+	Мужчина	Rest	2.1997300944669367
?лытау облысы	58+	Мужчина	Transport	2.766531713900135
?лытау облысы	58+	Мужчина	Work_home	2.280701754385965
?лытау облысы	58+	Женщина	Outside	92.7903631787127
?лытау облысы	58+	Женщина	Rest	2.4721323265012587
?лытау облысы	58+	Женщина	Transport	2.705861201006832
?лытау облысы	58+	Женщина	Work_home	2.031643293779216
