Год,Территория/Регион,Тип населенного пункта,AgeGroup_2,Satisfaction Index
2020,Акмолинская область,Город,15–17,"7,47"
2020,Акмолинская область,Город,18–28,"7,53"
2020,Акмолинская область,Город,29–38,"7,61"
2020,Акмолинская область,Город,39–48,"7,35"
2020,Акмолинская область,Город,49–57,"7,64"
2020,Акмолинская область,Город,58 и старше,"7,55"
2020,Акмолинская область,Село,15–17,"7,90"
2020,Акмолинская область,Село,18–28,"7,51"
2020,Акмолинская область,Село,29–38,"7,43"
2020,Акмолинская область,Село,39–48,"7,39"
2020,Акмолинская область,Село,49–57,"7,53"
2020,Акмолинская область,Село,58 и старше,"7,56"
2020,Актюбинская область,Город,15–17,"7,29"
2020,Актюбинская область,Город,18–28,"7,46"
2020,Актюбинская область,Город,29–38,"7,50"
2020,Актюбинская область,Город,39–48,"7,45"
2020,Актюбинская область,Город,49–57,"7,41"
2020,Актюбинская область,Город,58 и старше,"7,49"
2020,Актюбинская область,Село,15–17,"7,69"
2020,Актюбинская область,Село,18–28,"7,48"
2020,Актюбинская область,Село,29–38,"7,57"
2020,Актюбинская область,Село,39–48,"7,51"
2020,Актюбинская область,Село,49–57,"7,36"
2020,Актюбинская область,Село,58 и старше,"7,55"
2020,Алматинская область,Город,15–17,"7,39"
2020,Алматинская область,Город,18–28,"7,31"
2020,Алматинская область,Город,29–38,"7,45"
2020,Алматинская область,Город,39–48,"7,52"
2020,Алматинская область,Город,49–57,"7,46"
2020,Алматинская область,Город,58 и старше,"7,55"
2020,Алматинская область,Село,15–17,"7,41"
2020,Алматинская область,Село,18–28,"7,59"
2020,Алматинская область,Село,29–38,"7,56"
2020,Алматинская область,Село,39–48,"7,49"
2020,Алматинская область,Село,49–57,"7,45"
2020,Алматинская область,Село,58 и старше,"7,53"
2020,Атырауская область,Город,15–17,"7,69"
2020,Атырауская область,Город,18–28,"7,47"
2020,Атырауская область,Город,29–38,"7,53"
2020,Атырауская область,Город,39–48,"7,49"
2020,Атырауская область,Город,49–57,"7,37"
2020,Атырауская область,Город,58 и старше,"7,59"
2020,Атырауская область,Село,15–17,"7,63"
2020,Атырауская область,Село,18–28,"7,67"
2020,Атырауская область,Село,29–38,"7,59"
2020,Атырауская область,Село,39–48,"7,59"
2020,Атырауская область,Село,49–57,"7,39"
2020,Атырауская область,Село,58 и старше,"7,57"
2020,Восточно-Казахстанская область,Город,15–17,"7,42"
2020,Восточно-Казахстанская область,Город,18–28,"7,60"
2020,Восточно-Казахстанская область,Город,29–38,"7,59"
2020,Восточно-Казахстанская область,Город,39–48,"7,49"
2020,Восточно-Казахстанская область,Город,49–57,"7,50"
2020,Восточно-Казахстанская область,Город,58 и старше,"7,49"
2020,Восточно-Казахстанская область,Село,15–17,"7,61"
2020,Восточно-Казахстанская область,Село,18–28,"7,63"
2020,Восточно-Казахстанская область,Село,29–38,"7,43"
2020,Восточно-Казахстанская область,Село,39–48,"7,53"
2020,Восточно-Казахстанская область,Село,49–57,"7,47"
2020,Восточно-Казахстанская область,Село,58 и старше,"7,54"
2020,г. Алматы,Город,15–17,"7,53"
2020,г. Алматы,Город,18–28,"7,54"
2020,г. Алматы,Город,29–38,"7,51"
2020,г. Алматы,Город,39–48,"7,58"
2020,г. Алматы,Город,49–57,"7,49"
2020,г. Алматы,Город,58 и старше,"7,57"
2020,г. Алматы,Село,15–17,"7,11"
2020,г. Алматы,Село,18–28,"7,68"
2020,г. Алматы,Село,29–38,"7,47"
2020,г. Алматы,Село,39–48,"7,50"
2020,г. Алматы,Село,49–57,"7,43"
2020,г. Алматы,Село,58 и старше,"7,60"
2020,г. Астана,Город,15–17,"7,44"
2020,г. Астана,Город,18–28,"7,32"
2020,г. Астана,Город,29–38,"7,58"
2020,г. Астана,Город,39–48,"7,67"
2020,г. Астана,Город,49–57,"7,45"
2020,г. Астана,Город,58 и старше,"7,59"
2020,г. Астана,Село,15–17,"7,71"
2020,г. Астана,Село,18–28,"7,52"
2020,г. Астана,Село,29–38,"7,66"
2020,г. Астана,Село,39–48,"7,40"
2020,г. Астана,Село,49–57,"7,57"
2020,г. Астана,Село,58 и старше,"7,46"
2020,г. Шымкент,Город,15–17,"7,51"
2020,г. Шымкент,Город,18–28,"7,48"
2020,г. Шымкент,Город,29–38,"7,46"
2020,г. Шымкент,Город,39–48,"7,41"
2020,г. Шымкент,Город,49–57,"7,47"
2020,г. Шымкент,Город,58 и старше,"7,52"
2020,г. Шымкент,Село,15–17,"7,43"
2020,г. Шымкент,Село,18–28,"7,70"
2020,г. Шымкент,Село,29–38,"7,33"
2020,г. Шымкент,Село,39–48,"7,53"
2020,г. Шымкент,Село,49–57,"7,74"
2020,г. Шымкент,Село,58 и старше,"7,37"
2020,Жамбылская область,Город,15–17,"7,07"
2020,Жамбылская область,Город,18–28,"7,45"
2020,Жамбылская область,Город,29–38,"7,48"
2020,Жамбылская область,Город,39–48,"7,60"
2020,Жамбылская область,Город,49–57,"7,53"
2020,Жамбылская область,Город,58 и старше,"7,51"
2020,Жамбылская область,Село,15–17,"7,37"
2020,Жамбылская область,Село,18–28,"7,64"
2020,Жамбылская область,Село,29–38,"7,41"
2020,Жамбылская область,Село,39–48,"7,47"
2020,Жамбылская область,Село,49–57,"7,42"
2020,Жамбылская область,Село,58 и старше,"7,51"
2020,Западно - Казахстанская область,Город,15–17,"7,62"
2020,Западно - Казахстанская область,Город,18–28,"7,69"
2020,Западно - Казахстанская область,Город,29–38,"7,40"
2020,Западно - Казахстанская область,Город,39–48,"7,46"
2020,Западно - Казахстанская область,Город,49–57,"7,67"
2020,Западно - Казахстанская область,Город,58 и старше,"7,56"
2020,Западно - Казахстанская область,Село,15–17,"7,70"
2020,Западно - Казахстанская область,Село,18–28,"7,53"
2020,Западно - Казахстанская область,Село,29–38,"7,42"
2020,Западно - Казахстанская область,Село,39–48,"7,47"
2020,Западно - Казахстанская область,Село,49–57,"7,48"
2020,Западно - Казахстанская область,Село,58 и старше,"7,45"
2020,Карагандинская область,Город,15–17,"7,31"
2020,Карагандинская область,Город,18–28,"7,56"
2020,Карагандинская область,Город,29–38,"7,42"
2020,Карагандинская область,Город,39–48,"7,44"
2020,Карагандинская область,Город,49–57,"7,58"
2020,Карагандинская область,Город,58 и старше,"7,39"
2020,Карагандинская область,Село,15–17,"7,43"
2020,Карагандинская область,Село,18–28,"7,37"
2020,Карагандинская область,Село,29–38,"7,44"
2020,Карагандинская область,Село,39–48,"7,47"
2020,Карагандинская область,Село,49–57,"7,47"
2020,Карагандинская область,Село,58 и старше,"7,54"
2020,Костанайская область,Город,15–17,"7,39"
2020,Костанайская область,Город,18–28,"7,28"
2020,Костанайская область,Город,29–38,"7,68"
2020,Костанайская область,Город,39–48,"7,68"
2020,Костанайская область,Город,49–57,"7,47"
2020,Костанайская область,Город,58 и старше,"7,43"
2020,Костанайская область,Село,15–17,"7,46"
2020,Костанайская область,Село,18–28,"7,44"
2020,Костанайская область,Село,29–38,"7,60"
2020,Костанайская область,Село,39–48,"7,60"
2020,Костанайская область,Село,49–57,"7,44"
2020,Костанайская область,Село,58 и старше,"7,50"
2020,Кызылординская область,Город,15–17,"7,51"
2020,Кызылординская область,Город,18–28,"7,38"
2020,Кызылординская область,Город,29–38,"7,36"
2020,Кызылординская область,Город,39–48,"7,45"
2020,Кызылординская область,Город,49–57,"7,53"
2020,Кызылординская область,Город,58 и старше,"7,58"
2020,Кызылординская область,Село,15–17,"7,44"
2020,Кызылординская область,Село,18–28,"7,62"
2020,Кызылординская область,Село,29–38,"7,52"
2020,Кызылординская область,Село,39–48,"7,65"
2020,Кызылординская область,Село,49–57,"7,30"
2020,Кызылординская область,Село,58 и старше,"7,49"
2020,Мангистауская область,Город,15–17,"7,43"
2020,Мангистауская область,Город,18–28,"7,41"
2020,Мангистауская область,Город,29–38,"7,65"
2020,Мангистауская область,Город,39–48,"7,37"
2020,Мангистауская область,Город,49–57,"7,48"
2020,Мангистауская область,Город,58 и старше,"7,46"
2020,Мангистауская область,Село,15–17,"7,41"
2020,Мангистауская область,Село,18–28,"7,54"
2020,Мангистауская область,Село,29–38,"7,66"
2020,Мангистауская область,Село,39–48,"7,39"
2020,Мангистауская область,Село,49–57,"7,54"
2020,Мангистауская область,Село,58 и старше,"7,38"
2020,Павлодарская область,Город,15–17,"7,27"
2020,Павлодарская область,Город,18–28,"7,53"
2020,Павлодарская область,Город,29–38,"7,49"
2020,Павлодарская область,Город,39–48,"7,49"
2020,Павлодарская область,Город,49–57,"7,54"
2020,Павлодарская область,Город,58 и старше,"7,57"
2020,Павлодарская область,Село,15–17,"7,71"
2020,Павлодарская область,Село,18–28,"7,48"
2020,Павлодарская область,Село,29–38,"7,48"
2020,Павлодарская область,Село,39–48,"7,59"
2020,Павлодарская область,Село,49–57,"7,50"
2020,Павлодарская область,Село,58 и старше,"7,36"
2020,Северо-Казахстанская область,Город,15–17,"7,56"
2020,Северо-Казахстанская область,Город,18–28,"7,61"
2020,Северо-Казахстанская область,Город,29–38,"7,55"
2020,Северо-Казахстанская область,Город,39–48,"7,45"
2020,Северо-Казахстанская область,Город,49–57,"7,45"
2020,Северо-Казахстанская область,Город,58 и старше,"7,48"
2020,Северо-Казахстанская область,Село,15–17,"7,62"
2020,Северо-Казахстанская область,Село,18–28,"7,33"
2020,Северо-Казахстанская область,Село,29–38,"7,54"
2020,Северо-Казахстанская область,Село,39–48,"7,47"
2020,Северо-Казахстанская область,Село,49–57,"7,61"
2020,Северо-Казахстанская область,Село,58 и старше,"7,54"
2020,Туркестанская область,Город,15–17,"7,62"
2020,Туркестанская область,Город,18–28,"7,45"
2020,Туркестанская область,Город,29–38,"7,66"
2020,Туркестанская область,Город,39–48,"7,43"
2020,Туркестанская область,Город,49–57,"7,60"
2020,Туркестанская область,Город,58 и старше,"7,50"
2020,Туркестанская область,Село,15–17,"7,37"
2020,Туркестанская область,Село,18–28,"7,56"
2020,Туркестанская область,Село,29–38,"7,64"
2020,Туркестанская область,Село,39–48,"7,42"
2020,Туркестанская область,Село,49–57,"7,57"
2020,Туркестанская область,Село,58 и старше,"7,56"
2021,Акмолинская область,Город,15–17,"7,19"
2021,Акмолинская область,Город,18–28,"7,50"
2021,Акмолинская область,Город,29–38,"7,45"
2021,Акмолинская область,Город,39–48,"7,42"
2021,Акмолинская область,Город,49–57,"7,52"
2021,Акмолинская область,Город,58 и старше,"7,38"
2021,Акмолинская область,Село,15–17,"7,43"
2021,Акмолинская область,Село,18–28,"7,45"
2021,Акмолинская область,Село,29–38,"7,60"
2021,Акмолинская область,Село,39–48,"7,65"
2021,Акмолинская область,Село,49–57,"7,46"
2021,Акмолинская область,Село,58 и старше,"7,51"
2021,Актюбинская область,Город,15–17,"7,56"
2021,Актюбинская область,Город,18–28,"7,45"
2021,Актюбинская область,Город,29–38,"7,48"
2021,Актюбинская область,Город,39–48,"7,35"
2021,Актюбинская область,Город,49–57,"7,43"
2021,Актюбинская область,Город,58 и старше,"7,59"
2021,Актюбинская область,Село,15–17,"7,57"
2021,Актюбинская область,Село,18–28,"7,30"
2021,Актюбинская область,Село,29–38,"7,57"
2021,Актюбинская область,Село,39–48,"7,69"
2021,Актюбинская область,Село,49–57,"7,63"
2021,Актюбинская область,Село,58 и старше,"7,42"
2021,Алматинская область,Город,15–17,"7,47"
2021,Алматинская область,Город,18–28,"7,22"
2021,Алматинская область,Город,29–38,"7,52"
2021,Алматинская область,Город,39–48,"7,39"
2021,Алматинская область,Город,49–57,"7,44"
2021,Алматинская область,Город,58 и старше,"7,33"
2021,Алматинская область,Село,15–17,"7,38"
2021,Алматинская область,Село,18–28,"7,45"
2021,Алматинская область,Село,29–38,"7,62"
2021,Алматинская область,Село,39–48,"7,69"
2021,Алматинская область,Село,49–57,"7,39"
2021,Алматинская область,Село,58 и старше,"7,50"
2021,Атырауская область,Город,15–17,"7,28"
2021,Атырауская область,Город,18–28,"7,47"
2021,Атырауская область,Город,29–38,"7,42"
2021,Атырауская область,Город,39–48,"7,34"
2021,Атырауская область,Город,49–57,"7,68"
2021,Атырауская область,Город,58 и старше,"7,34"
2021,Атырауская область,Село,15–17,"7,51"
2021,Атырауская область,Село,18–28,"7,54"
2021,Атырауская область,Село,29–38,"7,43"
2021,Атырауская область,Село,39–48,"7,37"
2021,Атырауская область,Село,49–57,"7,54"
2021,Атырауская область,Село,58 и старше,"7,45"
2021,Восточно-Казахстанская область,Город,15–17,"7,46"
2021,Восточно-Казахстанская область,Город,18–28,"7,37"
2021,Восточно-Казахстанская область,Город,29–38,"7,48"
2021,Восточно-Казахстанская область,Город,39–48,"7,52"
2021,Восточно-Казахстанская область,Город,49–57,"7,31"
2021,Восточно-Казахстанская область,Город,58 и старше,"7,52"
2021,Восточно-Казахстанская область,Село,15–17,"7,07"
2021,Восточно-Казахстанская область,Село,18–28,"7,65"
2021,Восточно-Казахстанская область,Село,29–38,"7,58"
2021,Восточно-Казахстанская область,Село,39–48,"7,45"
2021,Восточно-Казахстанская область,Село,49–57,"7,69"
2021,Восточно-Казахстанская область,Село,58 и старше,"7,42"
2021,г. Алматы,Город,15–17,"7,27"
2021,г. Алматы,Город,18–28,"7,43"
2021,г. Алматы,Город,29–38,"7,45"
2021,г. Алматы,Город,39–48,"7,43"
2021,г. Алматы,Город,49–57,"7,18"
2021,г. Алматы,Город,58 и старше,"7,38"
2021,г. Алматы,Село,15–17,"7,86"
2021,г. Алматы,Село,18–28,"7,89"
2021,г. Алматы,Село,29–38,"7,51"
2021,г. Алматы,Село,39–48,"7,32"
2021,г. Алматы,Село,49–57,"7,75"
2021,г. Алматы,Село,58 и старше,"7,58"
2021,г. Астана,Город,15–17,"6,97"
2021,г. Астана,Город,18–28,"7,31"
2021,г. Астана,Город,29–38,"7,48"
2021,г. Астана,Город,39–48,"7,41"
2021,г. Астана,Город,49–57,"7,47"
2021,г. Астана,Город,58 и старше,"7,30"
2021,г. Астана,Село,15–17,"6,87"
2021,г. Астана,Село,18–28,"7,50"
2021,г. Астана,Село,29–38,"7,59"
2021,г. Астана,Село,39–48,"7,65"
2021,г. Астана,Село,49–57,"7,48"
2021,г. Астана,Село,58 и старше,"7,30"
2021,г. Шымкент,Город,15–17,"7,24"
2021,г. Шымкент,Город,18–28,"7,30"
2021,г. Шымкент,Город,29–38,"7,40"
2021,г. Шымкент,Город,39–48,"7,50"
2021,г. Шымкент,Город,49–57,"7,39"
2021,г. Шымкент,Город,58 и старше,"7,38"
2021,г. Шымкент,Село,15–17,"7,55"
2021,г. Шымкент,Село,18–28,"7,71"
2021,г. Шымкент,Село,29–38,"7,43"
2021,г. Шымкент,Село,39–48,"7,27"
2021,г. Шымкент,Село,49–57,"7,47"
2021,г. Шымкент,Село,58 и старше,"7,43"
2021,Жамбылская область,Город,15–17,"7,36"
2021,Жамбылская область,Город,18–28,"7,50"
2021,Жамбылская область,Город,29–38,"7,60"
2021,Жамбылская область,Город,39–48,"7,55"
2021,Жамбылская область,Город,49–57,"7,51"
2021,Жамбылская область,Город,58 и старше,"7,24"
2021,Жамбылская область,Село,15–17,"7,56"
2021,Жамбылская область,Село,18–28,"7,49"
2021,Жамбылская область,Село,29–38,"7,70"
2021,Жамбылская область,Село,39–48,"7,49"
2021,Жамбылская область,Село,49–57,"7,56"
2021,Жамбылская область,Село,58 и старше,"7,48"
2021,Западно - Казахстанская область,Город,15–17,"7,22"
2021,Западно - Казахстанская область,Город,18–28,"7,38"
2021,Западно - Казахстанская область,Город,29–38,"7,44"
2021,Западно - Казахстанская область,Город,39–48,"7,48"
2021,Западно - Казахстанская область,Город,49–57,"7,56"
2021,Западно - Казахстанская область,Город,58 и старше,"7,41"
2021,Западно - Казахстанская область,Село,15–17,"6,90"
2021,Западно - Казахстанская область,Село,18–28,"7,51"
2021,Западно - Казахстанская область,Село,29–38,"7,58"
2021,Западно - Казахстанская область,Село,39–48,"7,61"
2021,Западно - Казахстанская область,Село,49–57,"7,50"
2021,Западно - Казахстанская область,Село,58 и старше,"7,63"
2021,Карагандинская область,Город,15–17,"7,68"
2021,Карагандинская область,Город,18–28,"7,48"
2021,Карагандинская область,Город,29–38,"7,57"
2021,Карагандинская область,Город,39–48,"7,42"
2021,Карагандинская область,Город,49–57,"7,38"
2021,Карагандинская область,Город,58 и старше,"7,53"
2021,Карагандинская область,Село,15–17,"7,72"
2021,Карагандинская область,Село,18–28,"7,56"
2021,Карагандинская область,Село,29–38,"7,50"
2021,Карагандинская область,Село,39–48,"7,57"
2021,Карагандинская область,Село,49–57,"7,50"
2021,Карагандинская область,Село,58 и старше,"7,61"
2021,Костанайская область,Город,15–17,"7,31"
2021,Костанайская область,Город,18–28,"7,65"
2021,Костанайская область,Город,29–38,"7,46"
2021,Костанайская область,Город,39–48,"7,39"
2021,Костанайская область,Город,49–57,"7,46"
2021,Костанайская область,Город,58 и старше,"7,48"
2021,Костанайская область,Село,15–17,"7,66"
2021,Костанайская область,Село,18–28,"7,67"
2021,Костанайская область,Село,29–38,"7,59"
2021,Костанайская область,Село,39–48,"7,64"
2021,Костанайская область,Село,49–57,"7,60"
2021,Костанайская область,Село,58 и старше,"7,46"
2021,Кызылординская область,Город,15–17,"7,26"
2021,Кызылординская область,Город,18–28,"7,38"
2021,Кызылординская область,Город,29–38,"7,44"
2021,Кызылординская область,Город,39–48,"7,80"
2021,Кызылординская область,Город,49–57,"7,18"
2021,Кызылординская область,Город,58 и старше,"7,37"
2021,Кызылординская область,Село,15–17,"7,63"
2021,Кызылординская область,Село,18–28,"7,64"
2021,Кызылординская область,Село,29–38,"7,66"
2021,Кызылординская область,Село,39–48,"7,38"
2021,Кызылординская область,Село,49–57,"7,64"
2021,Кызылординская область,Село,58 и старше,"7,52"
2021,Мангистауская область,Город,15–17,"7,14"
2021,Мангистауская область,Город,18–28,"7,43"
2021,Мангистауская область,Город,29–38,"7,42"
2021,Мангистауская область,Город,39–48,"7,45"
2021,Мангистауская область,Город,49–57,"7,68"
2021,Мангистауская область,Город,58 и старше,"7,32"
2021,Мангистауская область,Село,15–17,"7,23"
2021,Мангистауская область,Село,18–28,"7,51"
2021,Мангистауская область,Село,29–38,"7,55"
2021,Мангистауская область,Село,39–48,"7,70"
2021,Мангистауская область,Село,49–57,"7,54"
2021,Мангистауская область,Село,58 и старше,"7,55"
2021,Павлодарская область,Город,15–17,"7,19"
2021,Павлодарская область,Город,18–28,"7,41"
2021,Павлодарская область,Город,29–38,"7,43"
2021,Павлодарская область,Город,39–48,"7,39"
2021,Павлодарская область,Город,49–57,"7,50"
2021,Павлодарская область,Город,58 и старше,"7,40"
2021,Павлодарская область,Село,15–17,"7,43"
2021,Павлодарская область,Село,18–28,"7,60"
2021,Павлодарская область,Село,29–38,"7,59"
2021,Павлодарская область,Село,39–48,"7,66"
2021,Павлодарская область,Село,49–57,"7,72"
2021,Павлодарская область,Село,58 и старше,"7,62"
2021,Северо-Казахстанская область,Город,15–17,"7,79"
2021,Северо-Казахстанская область,Город,18–28,"7,54"
2021,Северо-Казахстанская область,Город,29–38,"7,54"
2021,Северо-Казахстанская область,Город,39–48,"7,70"
2021,Северо-Казахстанская область,Город,49–57,"7,41"
2021,Северо-Казахстанская область,Город,58 и старше,"7,41"
2021,Северо-Казахстанская область,Село,15–17,"7,54"
2021,Северо-Казахстанская область,Село,18–28,"7,46"
2021,Северо-Казахстанская область,Село,29–38,"7,61"
2021,Северо-Казахстанская область,Село,39–48,"7,69"
2021,Северо-Казахстанская область,Село,49–57,"7,33"
2021,Северо-Казахстанская область,Село,58 и старше,"7,42"
2021,Туркестанская область,Город,15–17,"7,50"
2021,Туркестанская область,Город,18–28,"7,38"
2021,Туркестанская область,Город,29–38,"7,45"
2021,Туркестанская область,Город,39–48,"7,57"
2021,Туркестанская область,Город,49–57,"7,55"
2021,Туркестанская область,Город,58 и старше,"7,45"
2021,Туркестанская область,Село,15–17,"7,67"
2021,Туркестанская область,Село,18–28,"7,32"
2021,Туркестанская область,Село,29–38,"7,74"
2021,Туркестанская область,Село,39–48,"7,98"
2021,Туркестанская область,Село,49–57,"7,36"
2021,Туркестанская область,Село,58 и старше,"7,48"
2022,Акмолинская область,Город,15–17,"7,57"
2022,Акмолинская область,Город,18–28,"7,26"
2022,Акмолинская область,Город,29–38,"7,49"
2022,Акмолинская область,Город,39–48,"7,37"
2022,Акмолинская область,Город,49–57,"7,44"
2022,Акмолинская область,Город,58 и старше,"7,29"
2022,Акмолинская область,Село,15–17,"7,29"
2022,Акмолинская область,Село,18–28,"7,49"
2022,Акмолинская область,Село,29–38,"7,47"
2022,Акмолинская область,Село,39–48,"7,45"
2022,Акмолинская область,Село,49–57,"7,45"
2022,Акмолинская область,Село,58 и старше,"7,45"
2022,Актюбинская область,Город,15–17,"7,29"
2022,Актюбинская область,Город,18–28,"7,30"
2022,Актюбинская область,Город,29–38,"7,45"
2022,Актюбинская область,Город,39–48,"7,41"
2022,Актюбинская область,Город,49–57,"7,66"
2022,Актюбинская область,Город,58 и старше,"7,45"
2022,Актюбинская область,Село,15–17,"7,47"
2022,Актюбинская область,Село,18–28,"7,49"
2022,Актюбинская область,Село,29–38,"7,43"
2022,Актюбинская область,Село,39–48,"7,45"
2022,Актюбинская область,Село,49–57,"7,47"
2022,Актюбинская область,Село,58 и старше,"7,54"
2022,Алматинская область,Город,15–17,"7,37"
2022,Алматинская область,Город,18–28,"7,41"
2022,Алматинская область,Город,29–38,"7,53"
2022,Алматинская область,Город,39–48,"7,32"
2022,Алматинская область,Город,49–57,"7,31"
2022,Алматинская область,Город,58 и старше,"7,22"
2022,Алматинская область,Село,15–17,"7,31"
2022,Алматинская область,Село,18–28,"7,24"
2022,Алматинская область,Село,29–38,"7,49"
2022,Алматинская область,Село,39–48,"7,40"
2022,Алматинская область,Село,49–57,"7,38"
2022,Алматинская область,Село,58 и старше,"7,56"
2022,Атырауская область,Город,15–17,"7,57"
2022,Атырауская область,Город,18–28,"7,48"
2022,Атырауская область,Город,29–38,"7,25"
2022,Атырауская область,Город,39–48,"7,37"
2022,Атырауская область,Город,49–57,"7,43"
2022,Атырауская область,Город,58 и старше,"7,28"
2022,Атырауская область,Село,15–17,"7,64"
2022,Атырауская область,Село,18–28,"7,65"
2022,Атырауская область,Село,29–38,"7,37"
2022,Атырауская область,Село,39–48,"7,55"
2022,Атырауская область,Село,49–57,"7,46"
2022,Атырауская область,Село,58 и старше,"7,60"
2022,Восточно-Казахстанская область,Город,15–17,"7,24"
2022,Восточно-Казахстанская область,Город,18–28,"7,47"
2022,Восточно-Казахстанская область,Город,29–38,"7,45"
2022,Восточно-Казахстанская область,Город,39–48,"7,42"
2022,Восточно-Казахстанская область,Город,49–57,"7,58"
2022,Восточно-Казахстанская область,Город,58 и старше,"7,48"
2022,Восточно-Казахстанская область,Село,15–17,"7,23"
2022,Восточно-Казахстанская область,Село,18–28,"7,46"
2022,Восточно-Казахстанская область,Село,29–38,"7,42"
2022,Восточно-Казахстанская область,Село,39–48,"7,44"
2022,Восточно-Казахстанская область,Село,49–57,"7,56"
2022,Восточно-Казахстанская область,Село,58 и старше,"7,40"
2022,г. Алматы,Город,15–17,"7,64"
2022,г. Алматы,Город,18–28,"7,54"
2022,г. Алматы,Город,29–38,"7,60"
2022,г. Алматы,Город,39–48,"7,50"
2022,г. Алматы,Город,49–57,"7,55"
2022,г. Алматы,Город,58 и старше,"7,55"
2022,г. Алматы,Село,15–17,"7,43"
2022,г. Алматы,Село,18–28,"7,49"
2022,г. Алматы,Село,29–38,"7,68"
2022,г. Алматы,Село,39–48,"7,46"
2022,г. Алматы,Село,49–57,"7,51"
2022,г. Алматы,Село,58 и старше,"7,46"
2022,г. Астана,Город,15–17,"7,41"
2022,г. Астана,Город,18–28,"7,63"
2022,г. Астана,Город,29–38,"7,52"
2022,г. Астана,Город,39–48,"7,53"
2022,г. Астана,Город,49–57,"7,25"
2022,г. Астана,Город,58 и старше,"7,40"
2022,г. Астана,Село,15–17,"7,71"
2022,г. Астана,Село,18–28,"7,69"
2022,г. Астана,Село,29–38,"7,41"
2022,г. Астана,Село,39–48,"7,39"
2022,г. Астана,Село,49–57,"7,53"
2022,г. Астана,Село,58 и старше,"7,58"
2022,г. Шымкент,Город,15–17,"7,64"
2022,г. Шымкент,Город,18–28,"7,42"
2022,г. Шымкент,Город,29–38,"7,40"
2022,г. Шымкент,Город,39–48,"7,42"
2022,г. Шымкент,Город,49–57,"7,42"
2022,г. Шымкент,Город,58 и старше,"7,56"
2022,г. Шымкент,Село,15–17,"6,98"
2022,г. Шымкент,Село,18–28,"7,54"
2022,г. Шымкент,Село,29–38,"7,35"
2022,г. Шымкент,Село,39–48,"7,84"
2022,г. Шымкент,Село,49–57,"7,40"
2022,г. Шымкент,Село,58 и старше,"7,51"
2022,Жамбылская область,Город,15–17,"7,72"
2022,Жамбылская область,Город,18–28,"7,86"
2022,Жамбылская область,Город,29–38,"7,39"
2022,Жамбылская область,Город,39–48,"7,46"
2022,Жамбылская область,Город,49–57,"7,42"
2022,Жамбылская область,Город,58 и старше,"7,38"
2022,Жамбылская область,Село,15–17,"7,46"
2022,Жамбылская область,Село,18–28,"7,60"
2022,Жамбылская область,Село,29–38,"7,70"
2022,Жамбылская область,Село,39–48,"7,34"
2022,Жамбылская область,Село,49–57,"7,43"
2022,Жамбылская область,Село,58 и старше,"7,61"
2022,Западно - Казахстанская область,Город,15–17,"7,43"
2022,Западно - Казахстанская область,Город,18–28,"7,42"
2022,Западно - Казахстанская область,Город,29–38,"7,49"
2022,Западно - Казахстанская область,Город,39–48,"7,42"
2022,Западно - Казахстанская область,Город,49–57,"7,24"
2022,Западно - Казахстанская область,Город,58 и старше,"7,49"
2022,Западно - Казахстанская область,Село,15–17,"7,29"
2022,Западно - Казахстанская область,Село,18–28,"7,61"
2022,Западно - Казахстанская область,Село,29–38,"7,49"
2022,Западно - Казахстанская область,Село,39–48,"7,54"
2022,Западно - Казахстанская область,Село,49–57,"7,47"
2022,Западно - Казахстанская область,Село,58 и старше,"7,34"
2022,Карагандинская область,Город,15–17,"7,34"
2022,Карагандинская область,Город,18–28,"7,41"
2022,Карагандинская область,Город,29–38,"7,46"
2022,Карагандинская область,Город,39–48,"7,40"
2022,Карагандинская область,Город,49–57,"7,47"
2022,Карагандинская область,Город,58 и старше,"7,44"
2022,Карагандинская область,Село,15–17,"7,34"
2022,Карагандинская область,Село,18–28,"7,61"
2022,Карагандинская область,Село,29–38,"7,52"
2022,Карагандинская область,Село,39–48,"7,43"
2022,Карагандинская область,Село,49–57,"7,49"
2022,Карагандинская область,Село,58 и старше,"7,51"
2022,Костанайская область,Город,15–17,"7,48"
2022,Костанайская область,Город,18–28,"7,54"
2022,Костанайская область,Город,29–38,"7,47"
2022,Костанайская область,Город,39–48,"7,35"
2022,Костанайская область,Город,49–57,"7,50"
2022,Костанайская область,Город,58 и старше,"7,38"
2022,Костанайская область,Село,15–17,"7,45"
2022,Костанайская область,Село,18–28,"7,52"
2022,Костанайская область,Село,29–38,"7,37"
2022,Костанайская область,Село,39–48,"7,54"
2022,Костанайская область,Село,49–57,"7,44"
2022,Костанайская область,Село,58 и старше,"7,39"
2022,Кызылординская область,Город,15–17,"7,57"
2022,Кызылординская область,Город,18–28,"7,52"
2022,Кызылординская область,Город,29–38,"7,41"
2022,Кызылординская область,Город,39–48,"7,40"
2022,Кызылординская область,Город,49–57,"7,50"
2022,Кызылординская область,Город,58 и старше,"7,46"
2022,Кызылординская область,Село,15–17,"7,48"
2022,Кызылординская область,Село,18–28,"7,35"
2022,Кызылординская область,Село,29–38,"7,50"
2022,Кызылординская область,Село,39–48,"7,39"
2022,Кызылординская область,Село,49–57,"7,42"
2022,Кызылординская область,Село,58 и старше,"7,42"
2022,Мангистауская область,Город,15–17,"7,50"
2022,Мангистауская область,Город,18–28,"7,28"
2022,Мангистауская область,Город,29–38,"7,45"
2022,Мангистауская область,Город,39–48,"7,43"
2022,Мангистауская область,Город,49–57,"7,58"
2022,Мангистауская область,Город,58 и старше,"7,48"
2022,Мангистауская область,Село,15–17,"7,89"
2022,Мангистауская область,Село,18–28,"7,49"
2022,Мангистауская область,Село,29–38,"7,45"
2022,Мангистауская область,Село,39–48,"7,54"
2022,Мангистауская область,Село,49–57,"7,43"
2022,Мангистауская область,Село,58 и старше,"7,46"
2022,Павлодарская область,Город,15–17,"7,43"
2022,Павлодарская область,Город,18–28,"7,40"
2022,Павлодарская область,Город,29–38,"7,38"
2022,Павлодарская область,Город,39–48,"7,52"
2022,Павлодарская область,Город,49–57,"7,52"
2022,Павлодарская область,Город,58 и старше,"7,47"
2022,Павлодарская область,Село,15–17,"7,44"
2022,Павлодарская область,Село,18–28,"7,50"
2022,Павлодарская область,Село,29–38,"7,45"
2022,Павлодарская область,Село,39–48,"7,45"
2022,Павлодарская область,Село,49–57,"7,46"
2022,Павлодарская область,Село,58 и старше,"7,49"
2022,Северо-Казахстанская область,Город,15–17,"7,56"
2022,Северо-Казахстанская область,Город,18–28,"7,48"
2022,Северо-Казахстанская область,Город,29–38,"7,50"
2022,Северо-Казахстанская область,Город,39–48,"7,54"
2022,Северо-Казахстанская область,Город,49–57,"7,47"
2022,Северо-Казахстанская область,Город,58 и старше,"7,47"
2022,Северо-Казахстанская область,Село,15–17,"7,31"
2022,Северо-Казахстанская область,Село,18–28,"7,28"
2022,Северо-Казахстанская область,Село,29–38,"7,45"
2022,Северо-Казахстанская область,Село,39–48,"7,54"
2022,Северо-Казахстанская область,Село,49–57,"7,64"
2022,Северо-Казахстанская область,Село,58 и старше,"7,52"
2022,Туркестанская область,Город,15–17,"7,48"
2022,Туркестанская область,Город,18–28,"7,48"
2022,Туркестанская область,Город,29–38,"7,42"
2022,Туркестанская область,Город,39–48,"7,45"
2022,Туркестанская область,Город,49–57,"7,35"
2022,Туркестанская область,Город,58 и старше,"7,42"
2022,Туркестанская область,Село,15–17,"7,55"
2022,Туркестанская область,Село,18–28,"7,58"
2022,Туркестанская область,Село,29–38,"7,51"
2022,Туркестанская область,Село,39–48,"7,37"
2022,Туркестанская область,Село,49–57,"7,39"
2022,Туркестанская область,Село,58 и старше,"7,38"
2023,Абайская область,Город,15–17,"7,45"
2023,Абайская область,Город,18–28,"7,47"
2023,Абайская область,Город,29–38,"7,40"
2023,Абайская область,Город,39–48,"7,66"
2023,Абайская область,Город,49–57,"7,51"
2023,Абайская область,Город,58 и старше,"7,56"
2023,Абайская область,Село,15–17,"7,35"
2023,Абайская область,Село,18–28,"7,31"
2023,Абайская область,Село,29–38,"7,46"
2023,Абайская область,Село,39–48,"7,57"
2023,Абайская область,Село,49–57,"7,42"
2023,Абайская область,Село,58 и старше,"7,53"
2023,Акмолинская область,Город,15–17,"7,72"
2023,Акмолинская область,Город,18–28,"7,46"
2023,Акмолинская область,Город,29–38,"7,55"
2023,Акмолинская область,Город,39–48,"7,58"
2023,Акмолинская область,Город,49–57,"7,49"
2023,Акмолинская область,Город,58 и старше,"7,63"
2023,Акмолинская область,Село,15–17,"7,60"
2023,Акмолинская область,Село,18–28,"7,44"
2023,Акмолинская область,Село,29–38,"7,31"
2023,Акмолинская область,Село,39–48,"7,47"
2023,Акмолинская область,Село,49–57,"7,43"
2023,Акмолинская область,Село,58 и старше,"7,47"
2023,Актюбинская область,Город,15–17,"7,33"
2023,Актюбинская область,Город,18–28,"7,36"
2023,Актюбинская область,Город,29–38,"7,48"
2023,Актюбинская область,Город,39–48,"7,53"
2023,Актюбинская область,Город,49–57,"7,46"
2023,Актюбинская область,Город,58 и старше,"7,51"
2023,Актюбинская область,Село,15–17,"7,47"
2023,Актюбинская область,Село,18–28,"7,55"
2023,Актюбинская область,Село,29–38,"7,36"
2023,Актюбинская область,Село,39–48,"7,64"
2023,Актюбинская область,Село,49–57,"7,40"
2023,Актюбинская область,Село,58 и старше,"7,46"
2023,Алматинская область,Город,15–17,"7,82"
2023,Алматинская область,Город,18–28,"7,53"
2023,Алматинская область,Город,29–38,"7,55"
2023,Алматинская область,Город,39–48,"7,39"
2023,Алматинская область,Город,49–57,"7,40"
2023,Алматинская область,Город,58 и старше,"7,67"
2023,Алматинская область,Село,15–17,"7,34"
2023,Алматинская область,Село,18–28,"7,52"
2023,Алматинская область,Село,29–38,"7,42"
2023,Алматинская область,Село,39–48,"7,60"
2023,Алматинская область,Село,49–57,"7,54"
2023,Алматинская область,Село,58 и старше,"7,37"
2023,Атырауская область,Город,15–17,"7,49"
2023,Атырауская область,Город,18–28,"7,53"
2023,Атырауская область,Город,29–38,"7,54"
2023,Атырауская область,Город,39–48,"7,48"
2023,Атырауская область,Город,49–57,"7,61"
2023,Атырауская область,Город,58 и старше,"7,50"
2023,Атырауская область,Село,15–17,"7,10"
2023,Атырауская область,Село,18–28,"7,45"
2023,Атырауская область,Село,29–38,"7,56"
2023,Атырауская область,Село,39–48,"7,52"
2023,Атырауская область,Село,49–57,"7,42"
2023,Атырауская область,Село,58 и старше,"7,55"
2023,Восточно-Казахстанская область,Город,15–17,"7,54"
2023,Восточно-Казахстанская область,Город,18–28,"7,52"
2023,Восточно-Казахстанская область,Город,29–38,"7,42"
2023,Восточно-Казахстанская область,Город,39–48,"7,44"
2023,Восточно-Казахстанская область,Город,49–57,"7,48"
2023,Восточно-Казахстанская область,Город,58 и старше,"7,43"
2023,Восточно-Казахстанская область,Село,15–17,"7,75"
2023,Восточно-Казахстанская область,Село,18–28,"7,46"
2023,Восточно-Казахстанская область,Село,29–38,"7,59"
2023,Восточно-Казахстанская область,Село,39–48,"7,34"
2023,Восточно-Казахстанская область,Село,49–57,"7,67"
2023,Восточно-Казахстанская область,Село,58 и старше,"7,71"
2023,г. Алматы,Город,15–17,"7,49"
2023,г. Алматы,Город,18–28,"7,43"
2023,г. Алматы,Город,29–38,"7,42"
2023,г. Алматы,Город,39–48,"7,53"
2023,г. Алматы,Город,49–57,"7,54"
2023,г. Алматы,Город,58 и старше,"7,61"
2023,г. Алматы,Село,15–17,"7,00"
2023,г. Алматы,Село,18–28,"7,51"
2023,г. Алматы,Село,29–38,"7,58"
2023,г. Алматы,Село,39–48,"7,51"
2023,г. Алматы,Село,49–57,"7,52"
2023,г. Алматы,Село,58 и старше,"7,44"
2023,г. Астана,Город,15–17,"7,27"
2023,г. Астана,Город,18–28,"7,53"
2023,г. Астана,Город,29–38,"7,43"
2023,г. Астана,Город,39–48,"7,38"
2023,г. Астана,Город,49–57,"7,48"
2023,г. Астана,Город,58 и старше,"7,36"
2023,г. Астана,Село,15–17,"7,70"
2023,г. Астана,Село,18–28,"7,53"
2023,г. Астана,Село,29–38,"7,51"
2023,г. Астана,Село,39–48,"7,48"
2023,г. Астана,Село,49–57,"7,55"
2023,г. Астана,Село,58 и старше,"7,54"
2023,г. Шымкент,Город,15–17,"7,56"
2023,г. Шымкент,Город,18–28,"7,39"
2023,г. Шымкент,Город,29–38,"7,47"
2023,г. Шымкент,Город,39–48,"7,52"
2023,г. Шымкент,Город,49–57,"7,67"
2023,г. Шымкент,Город,58 и старше,"7,48"
2023,г. Шымкент,Село,15–17,"7,30"
2023,г. Шымкент,Село,18–28,"7,33"
2023,г. Шымкент,Село,29–38,"7,41"
2023,г. Шымкент,Село,39–48,"7,40"
2023,г. Шымкент,Село,49–57,"7,34"
2023,г. Шымкент,Село,58 и старше,"7,36"
2023,Жамбылская область,Город,15–17,"7,50"
2023,Жамбылская область,Город,18–28,"7,46"
2023,Жамбылская область,Город,29–38,"7,51"
2023,Жамбылская область,Город,39–48,"7,42"
2023,Жамбылская область,Город,49–57,"7,44"
2023,Жамбылская область,Город,58 и старше,"7,51"
2023,Жамбылская область,Село,15–17,"7,50"
2023,Жамбылская область,Село,18–28,"7,36"
2023,Жамбылская область,Село,29–38,"7,47"
2023,Жамбылская область,Село,39–48,"7,55"
2023,Жамбылская область,Село,49–57,"7,40"
2023,Жамбылская область,Село,58 и старше,"7,52"
2023,Жетісу область,Город,15–17,"7,03"
2023,Жетісу область,Город,18–28,"7,28"
2023,Жетісу область,Город,29–38,"7,59"
2023,Жетісу область,Город,39–48,"7,53"
2023,Жетісу область,Город,49–57,"7,40"
2023,Жетісу область,Город,58 и старше,"7,58"
2023,Жетісу область,Село,15–17,"7,35"
2023,Жетісу область,Село,18–28,"7,37"
2023,Жетісу область,Село,29–38,"7,52"
2023,Жетісу область,Село,39–48,"7,50"
2023,Жетісу область,Село,49–57,"7,31"
2023,Жетісу область,Село,58 и старше,"7,65"
2023,Западно - Казахстанская область,Город,15–17,"7,63"
2023,Западно - Казахстанская область,Город,18–28,"7,45"
2023,Западно - Казахстанская область,Город,29–38,"7,46"
2023,Западно - Казахстанская область,Город,39–48,"7,49"
2023,Западно - Казахстанская область,Город,49–57,"7,52"
2023,Западно - Казахстанская область,Город,58 и старше,"7,59"
2023,Западно - Казахстанская область,Село,15–17,"7,34"
2023,Западно - Казахстанская область,Село,18–28,"7,54"
2023,Западно - Казахстанская область,Село,29–38,"7,48"
2023,Западно - Казахстанская область,Село,39–48,"7,39"
2023,Западно - Казахстанская область,Село,49–57,"7,36"
2023,Западно - Казахстанская область,Село,58 и старше,"7,48"
2023,Карагандинская область,Город,15–17,"7,25"
2023,Карагандинская область,Город,18–28,"7,42"
2023,Карагандинская область,Город,29–38,"7,51"
2023,Карагандинская область,Город,39–48,"7,59"
2023,Карагандинская область,Город,49–57,"7,42"
2023,Карагандинская область,Город,58 и старше,"7,55"
2023,Карагандинская область,Село,15–17,"7,52"
2023,Карагандинская область,Село,18–28,"7,42"
2023,Карагандинская область,Село,29–38,"7,34"
2023,Карагандинская область,Село,39–48,"7,49"
2023,Карагандинская область,Село,49–57,"7,58"
2023,Карагандинская область,Село,58 и старше,"7,53"
2023,Костанайская область,Город,15–17,"7,98"
2023,Костанайская область,Город,18–28,"7,43"
2023,Костанайская область,Город,29–38,"7,34"
2023,Костанайская область,Город,39–48,"7,51"
2023,Костанайская область,Город,49–57,"7,69"
2023,Костанайская область,Город,58 и старше,"7,44"
2023,Костанайская область,Село,15–17,"7,33"
2023,Костанайская область,Село,18–28,"7,44"
2023,Костанайская область,Село,29–38,"7,57"
2023,Костанайская область,Село,39–48,"7,43"
2023,Костанайская область,Село,49–57,"7,54"
2023,Костанайская область,Село,58 и старше,"7,48"
2023,Кызылординская область,Город,15–17,"7,58"
2023,Кызылординская область,Город,18–28,"7,47"
2023,Кызылординская область,Город,29–38,"7,44"
2023,Кызылординская область,Город,39–48,"7,40"
2023,Кызылординская область,Город,49–57,"7,38"
2023,Кызылординская область,Город,58 и старше,"7,48"
2023,Кызылординская область,Село,15–17,"7,77"
2023,Кызылординская область,Село,18–28,"7,35"
2023,Кызылординская область,Село,29–38,"7,43"
2023,Кызылординская область,Село,39–48,"7,46"
2023,Кызылординская область,Село,49–57,"7,48"
2023,Кызылординская область,Село,58 и старше,"7,45"
2023,Мангистауская область,Город,15–17,"7,59"
2023,Мангистауская область,Город,18–28,"7,47"
2023,Мангистауская область,Город,29–38,"7,59"
2023,Мангистауская область,Город,39–48,"7,47"
2023,Мангистауская область,Город,49–57,"7,31"
2023,Мангистауская область,Город,58 и старше,"7,37"
2023,Мангистауская область,Село,15–17,"7,66"
2023,Мангистауская область,Село,18–28,"7,48"
2023,Мангистауская область,Село,29–38,"7,61"
2023,Мангистауская область,Село,39–48,"7,51"
2023,Мангистауская область,Село,49–57,"7,65"
2023,Мангистауская область,Село,58 и старше,"7,57"
2023,Павлодарская область,Город,15–17,"7,45"
2023,Павлодарская область,Город,18–28,"7,51"
2023,Павлодарская область,Город,29–38,"7,54"
2023,Павлодарская область,Город,39–48,"7,44"
2023,Павлодарская область,Город,49–57,"7,56"
2023,Павлодарская область,Город,58 и старше,"7,53"
2023,Павлодарская область,Село,15–17,"7,35"
2023,Павлодарская область,Село,18–28,"7,39"
2023,Павлодарская область,Село,29–38,"7,34"
2023,Павлодарская область,Село,39–48,"7,47"
2023,Павлодарская область,Село,49–57,"7,54"
2023,Павлодарская область,Село,58 и старше,"7,55"
2023,Северо-Казахстанская область,Город,15–17,"7,74"
2023,Северо-Казахстанская область,Город,18–28,"7,48"
2023,Северо-Казахстанская область,Город,29–38,"7,54"
2023,Северо-Казахстанская область,Город,39–48,"7,57"
2023,Северо-Казахстанская область,Город,49–57,"7,42"
2023,Северо-Казахстанская область,Город,58 и старше,"7,58"
2023,Северо-Казахстанская область,Село,15–17,"7,82"
2023,Северо-Казахстанская область,Село,18–28,"7,46"
2023,Северо-Казахстанская область,Село,29–38,"7,48"
2023,Северо-Казахстанская область,Село,39–48,"7,48"
2023,Северо-Казахстанская область,Село,49–57,"7,56"
2023,Северо-Казахстанская область,Село,58 и старше,"7,53"
2023,Туркестанская область,Город,15–17,"7,63"
2023,Туркестанская область,Город,18–28,"7,56"
2023,Туркестанская область,Город,29–38,"7,51"
2023,Туркестанская область,Город,39–48,"7,42"
2023,Туркестанская область,Город,49–57,"7,39"
2023,Туркестанская область,Город,58 и старше,"7,48"
2023,Туркестанская область,Село,15–17,"7,29"
2023,Туркестанская область,Село,18–28,"7,51"
2023,Туркестанская область,Село,29–38,"7,42"
2023,Туркестанская область,Село,39–48,"7,43"
2023,Туркестанская область,Село,49–57,"7,37"
2023,Туркестанская область,Село,58 и старше,"7,37"
2023,Ұлытау область,Город,15–17,"7,69"
2023,Ұлытау область,Город,18–28,"7,71"
2023,Ұлытау область,Город,29–38,"7,53"
2023,Ұлытау область,Город,39–48,"7,40"
2023,Ұлытау область,Город,49–57,"7,42"
2023,Ұлытау область,Город,58 и старше,"7,53"
2023,Ұлытау область,Село,15–17,"7,55"
2023,Ұлытау область,Село,18–28,"7,39"
2023,Ұлытау область,Село,29–38,"7,48"
2023,Ұлытау область,Село,39–48,"7,53"
2023,Ұлытау область,Село,49–57,"7,41"
2023,Ұлытау область,Село,58 и старше,"7,45"
2024,Абайская область,Город,15–17,"7,69"
2024,Абайская область,Город,18–28,"7,65"
2024,Абайская область,Город,29–38,"7,71"
2024,Абайская область,Город,39–48,"7,55"
2024,Абайская область,Город,49–57,"7,59"
2024,Абайская область,Город,58 и старше,"7,67"
2024,Абайская область,Село,15–17,"8,04"
2024,Абайская область,Село,18–28,"7,57"
2024,Абайская область,Село,29–38,"7,53"
2024,Абайская область,Село,39–48,"7,52"
2024,Абайская область,Село,49–57,"7,48"
2024,Абайская область,Село,58 и старше,"7,61"
2024,Акмолинская область,Город,15–17,"7,69"
2024,Акмолинская область,Город,18–28,"7,66"
2024,Акмолинская область,Город,29–38,"7,52"
2024,Акмолинская область,Город,39–48,"7,44"
2024,Акмолинская область,Город,49–57,"7,58"
2024,Акмолинская область,Город,58 и старше,"7,51"
2024,Акмолинская область,Село,15–17,"7,56"
2024,Акмолинская область,Село,18–28,"7,44"
2024,Акмолинская область,Село,29–38,"7,71"
2024,Акмолинская область,Село,39–48,"7,54"
2024,Акмолинская область,Село,49–57,"7,64"
2024,Акмолинская область,Село,58 и старше,"7,52"
2024,Актюбинская область,Город,15–17,"7,56"
2024,Актюбинская область,Город,18–28,"7,57"
2024,Актюбинская область,Город,29–38,"7,43"
2024,Актюбинская область,Город,39–48,"7,43"
2024,Актюбинская область,Город,49–57,"7,52"
2024,Актюбинская область,Город,58 и старше,"7,56"
2024,Актюбинская область,Село,15–17,"7,77"
2024,Актюбинская область,Село,18–28,"7,47"
2024,Актюбинская область,Село,29–38,"7,72"
2024,Актюбинская область,Село,39–48,"7,48"
2024,Актюбинская область,Село,49–57,"7,56"
2024,Актюбинская область,Село,58 и старше,"7,43"
2024,Алматинская область,Город,15–17,"7,79"
2024,Алматинская область,Город,18–28,"7,37"
2024,Алматинская область,Город,29–38,"7,41"
2024,Алматинская область,Город,39–48,"7,49"
2024,Алматинская область,Город,49–57,"7,42"
2024,Алматинская область,Город,58 и старше,"7,57"
2024,Алматинская область,Село,15–17,"7,40"
2024,Алматинская область,Село,18–28,"7,34"
2024,Алматинская область,Село,29–38,"7,55"
2024,Алматинская область,Село,39–48,"7,57"
2024,Алматинская область,Село,49–57,"7,40"
2024,Алматинская область,Село,58 и старше,"7,59"
2024,Атырауская область,Город,15–17,"7,58"
2024,Атырауская область,Город,18–28,"7,63"
2024,Атырауская область,Город,29–38,"7,64"
2024,Атырауская область,Город,39–48,"7,68"
2024,Атырауская область,Город,49–57,"7,54"
2024,Атырауская область,Город,58 и старше,"7,59"
2024,Атырауская область,Село,15–17,"7,45"
2024,Атырауская область,Село,18–28,"7,86"
2024,Атырауская область,Село,29–38,"7,68"
2024,Атырауская область,Село,39–48,"7,65"
2024,Атырауская область,Село,49–57,"7,63"
2024,Атырауская область,Село,58 и старше,"7,63"
2024,Восточно-Казахстанская область,Город,15–17,"7,57"
2024,Восточно-Казахстанская область,Город,18–28,"7,61"
2024,Восточно-Казахстанская область,Город,29–38,"7,63"
2024,Восточно-Казахстанская область,Город,39–48,"7,69"
2024,Восточно-Казахстанская область,Город,49–57,"7,56"
2024,Восточно-Казахстанская область,Город,58 и старше,"7,66"
2024,Восточно-Казахстанская область,Село,15–17,"7,36"
2024,Восточно-Казахстанская область,Село,18–28,"7,57"
2024,Восточно-Казахстанская область,Село,29–38,"7,44"
2024,Восточно-Казахстанская область,Село,39–48,"7,51"
2024,Восточно-Казахстанская область,Село,49–57,"7,49"
2024,Восточно-Казахстанская область,Село,58 и старше,"7,54"
2024,г. Алматы,Город,15–17,"7,65"
2024,г. Алматы,Город,18–28,"7,52"
2024,г. Алматы,Город,29–38,"7,46"
2024,г. Алматы,Город,39–48,"7,44"
2024,г. Алматы,Город,49–57,"7,54"
2024,г. Алматы,Город,58 и старше,"7,52"
2024,г. Алматы,Село,15–17,"7,60"
2024,г. Алматы,Село,18–28,"7,50"
2024,г. Алматы,Село,29–38,"7,55"
2024,г. Алматы,Село,39–48,"7,54"
2024,г. Алматы,Село,49–57,"7,57"
2024,г. Алматы,Село,58 и старше,"7,41"
2024,г. Астана,Город,15–17,"7,29"
2024,г. Астана,Город,18–28,"7,49"
2024,г. Астана,Город,29–38,"7,56"
2024,г. Астана,Город,39–48,"7,59"
2024,г. Астана,Город,49–57,"7,46"
2024,г. Астана,Город,58 и старше,"7,40"
2024,г. Астана,Село,15–17,"7,46"
2024,г. Астана,Село,18–28,"7,74"
2024,г. Астана,Село,29–38,"7,52"
2024,г. Астана,Село,39–48,"7,45"
2024,г. Астана,Село,49–57,"7,54"
2024,г. Астана,Село,58 и старше,"7,37"
2024,г. Шымкент,Город,15–17,"7,53"
2024,г. Шымкент,Город,18–28,"7,49"
2024,г. Шымкент,Город,29–38,"7,48"
2024,г. Шымкент,Город,39–48,"7,46"
2024,г. Шымкент,Город,49–57,"7,48"
2024,г. Шымкент,Город,58 и старше,"7,59"
2024,г. Шымкент,Село,15–17,"8,07"
2024,г. Шымкент,Село,18–28,"7,80"
2024,г. Шымкент,Село,29–38,"7,61"
2024,г. Шымкент,Село,39–48,"7,63"
2024,г. Шымкент,Село,49–57,"7,46"
2024,г. Шымкент,Село,58 и старше,"7,57"
2024,Жамбылская область,Город,15–17,"7,60"
2024,Жамбылская область,Город,18–28,"7,63"
2024,Жамбылская область,Город,29–38,"7,58"
2024,Жамбылская область,Город,39–48,"7,55"
2024,Жамбылская область,Город,49–57,"7,57"
2024,Жамбылская область,Город,58 и старше,"7,58"
2024,Жамбылская область,Село,15–17,"7,50"
2024,Жамбылская область,Село,18–28,"7,59"
2024,Жамбылская область,Село,29–38,"7,45"
2024,Жамбылская область,Село,39–48,"7,49"
2024,Жамбылская область,Село,49–57,"7,50"
2024,Жамбылская область,Село,58 и старше,"7,58"
2024,Жетісу область,Город,15–17,"7,88"
2024,Жетісу область,Город,18–28,"7,49"
2024,Жетісу область,Город,29–38,"7,53"
2024,Жетісу область,Город,39–48,"7,66"
2024,Жетісу область,Город,49–57,"7,48"
2024,Жетісу область,Город,58 и старше,"7,51"
2024,Жетісу область,Село,15–17,"7,77"
2024,Жетісу область,Село,18–28,"7,82"
2024,Жетісу область,Село,29–38,"7,50"
2024,Жетісу область,Село,39–48,"7,60"
2024,Жетісу область,Село,49–57,"7,57"
2024,Жетісу область,Село,58 и старше,"7,57"
2024,Западно - Казахстанская область,Город,15–17,"7,37"
2024,Западно - Казахстанская область,Город,18–28,"7,45"
2024,Западно - Казахстанская область,Город,29–38,"7,59"
2024,Западно - Казахстанская область,Город,39–48,"7,38"
2024,Западно - Казахстанская область,Город,49–57,"7,69"
2024,Западно - Казахстанская область,Город,58 и старше,"7,52"
2024,Западно - Казахстанская область,Село,15–17,"7,18"
2024,Западно - Казахстанская область,Село,18–28,"7,73"
2024,Западно - Казахстанская область,Село,29–38,"7,57"
2024,Западно - Казахстанская область,Село,39–48,"7,46"
2024,Западно - Казахстанская область,Село,49–57,"7,59"
2024,Западно - Казахстанская область,Село,58 и старше,"7,52"
2024,Карагандинская область,Город,15–17,"7,43"
2024,Карагандинская область,Город,18–28,"7,44"
2024,Карагандинская область,Город,29–38,"7,52"
2024,Карагандинская область,Город,39–48,"7,50"
2024,Карагандинская область,Город,49–57,"7,45"
2024,Карагандинская область,Город,58 и старше,"7,55"
2024,Карагандинская область,Село,15–17,"7,46"
2024,Карагандинская область,Село,18–28,"7,71"
2024,Карагандинская область,Село,29–38,"7,53"
2024,Карагандинская область,Село,39–48,"7,54"
2024,Карагандинская область,Село,49–57,"7,63"
2024,Карагандинская область,Село,58 и старше,"7,54"
2024,Костанайская область,Город,15–17,"7,75"
2024,Костанайская область,Город,18–28,"7,51"
2024,Костанайская область,Город,29–38,"7,47"
2024,Костанайская область,Город,39–48,"7,59"
2024,Костанайская область,Город,49–57,"7,48"
2024,Костанайская область,Город,58 и старше,"7,61"
2024,Костанайская область,Село,15–17,"7,89"
2024,Костанайская область,Село,18–28,"7,49"
2024,Костанайская область,Село,29–38,"7,39"
2024,Костанайская область,Село,39–48,"7,54"
2024,Костанайская область,Село,49–57,"7,64"
2024,Костанайская область,Село,58 и старше,"7,43"
2024,Кызылординская область,Город,15–17,"7,60"
2024,Кызылординская область,Город,18–28,"7,32"
2024,Кызылординская область,Город,29–38,"7,68"
2024,Кызылординская область,Город,39–48,"7,55"
2024,Кызылординская область,Город,49–57,"7,56"
2024,Кызылординская область,Город,58 и старше,"7,55"
2024,Кызылординская область,Село,15–17,"7,52"
2024,Кызылординская область,Село,18–28,"7,47"
2024,Кызылординская область,Село,29–38,"7,57"
2024,Кызылординская область,Село,39–48,"7,41"
2024,Кызылординская область,Село,49–57,"7,49"
2024,Кызылординская область,Село,58 и старше,"7,54"
2024,Мангистауская область,Город,15–17,"7,50"
2024,Мангистауская область,Город,18–28,"7,51"
2024,Мангистауская область,Город,29–38,"7,46"
2024,Мангистауская область,Город,39–48,"7,62"
2024,Мангистауская область,Город,49–57,"7,50"
2024,Мангистауская область,Город,58 и старше,"7,58"
2024,Мангистауская область,Село,15–17,"7,45"
2024,Мангистауская область,Село,18–28,"7,27"
2024,Мангистауская область,Село,29–38,"7,55"
2024,Мангистауская область,Село,39–48,"7,54"
2024,Мангистауская область,Село,49–57,"7,53"
2024,Мангистауская область,Село,58 и старше,"7,45"
2024,Павлодарская область,Город,15–17,"7,18"
2024,Павлодарская область,Город,18–28,"7,45"
2024,Павлодарская область,Город,29–38,"7,64"
2024,Павлодарская область,Город,39–48,"7,58"
2024,Павлодарская область,Город,49–57,"7,52"
2024,Павлодарская область,Город,58 и старше,"7,52"
2024,Павлодарская область,Село,15–17,"7,62"
2024,Павлодарская область,Село,18–28,"7,58"
2024,Павлодарская область,Село,29–38,"7,66"
2024,Павлодарская область,Село,39–48,"7,61"
2024,Павлодарская область,Село,49–57,"7,67"
2024,Павлодарская область,Село,58 и старше,"7,58"
2024,Северо-Казахстанская область,Город,15–17,"7,40"
2024,Северо-Казахстанская область,Город,18–28,"7,43"
2024,Северо-Казахстанская область,Город,29–38,"7,51"
2024,Северо-Казахстанская область,Город,39–48,"7,56"
2024,Северо-Казахстанская область,Город,49–57,"7,51"
2024,Северо-Казахстанская область,Город,58 и старше,"7,58"
2024,Северо-Казахстанская область,Село,15–17,"7,44"
2024,Северо-Казахстанская область,Село,18–28,"7,49"
2024,Северо-Казахстанская область,Село,29–38,"7,51"
2024,Северо-Казахстанская область,Село,39–48,"7,64"
2024,Северо-Казахстанская область,Село,49–57,"7,59"
2024,Северо-Казахстанская область,Село,58 и старше,"7,64"
2024,Туркестанская область,Город,15–17,"7,53"
2024,Туркестанская область,Город,18–28,"7,63"
2024,Туркестанская область,Город,29–38,"7,48"
2024,Туркестанская область,Город,39–48,"7,55"
2024,Туркестанская область,Город,49–57,"7,53"
2024,Туркестанская область,Город,58 и старше,"7,62"
2024,Туркестанская область,Село,15–17,"7,10"
2024,Туркестанская область,Село,18–28,"7,68"
2024,Туркестанская область,Село,29–38,"7,65"
2024,Туркестанская область,Село,39–48,"7,56"
2024,Туркестанская область,Село,49–57,"7,57"
2024,Туркестанская область,Село,58 и старше,"7,52"
2024,Ұлытау область,Город,15–17,"7,64"
2024,Ұлытау область,Город,18–28,"7,53"
2024,Ұлытау область,Город,29–38,"7,35"
2024,Ұлытау область,Город,39–48,"7,54"
2024,Ұлытау область,Город,49–57,"7,48"
2024,Ұлытау область,Город,58 и старше,"7,59"
2024,Ұлытау область,Село,15–17,"7,53"
2024,Ұлытау область,Село,18–28,"7,46"
2024,Ұлытау область,Село,29–38,"7,44"
2024,Ұлытау область,Село,39–48,"7,55"
2024,Ұлытау область,Село,49–57,"7,54"
2024,Ұлытау область,Село,58 и старше,"7,43"
